15:14:19 [@astrojs/cloudflare] Enabling sessions with Cloudflare KV with the "SESSION" KV binding.
15:14:19 [@astrojs/cloudflare] If you see the error "Invalid binding `SESSION`" in your build output, you need to add the binding to your wrangler config file.
15:14:19 [WARN] [adapter] Cloudflare does not support sharp at runtime. However, you can configure `imageService: "compile"` to optimize images with sharp on prerendered pages during build time.
15:14:19 [vite] Re-optimizing dependencies because vite config has changed

Auto-generating collections for folders in "src/content/" that are not defined as collections.
This is deprecated, so you should define these collections yourself in "src/content.config.ts".
The following collections have been auto-generated: streams

15:14:20 [content] Syncing content
15:14:20 [content] Synced content
15:14:20 [types] Generated 1.21s
15:14:20 [check] Getting diagnostics for Astro files in /Users/toc/Server/ONE/web...
[96msrc/components/GitSection.tsx[0m:[93m275[0m:[93m16[0m - [93mwarning[0m[90m ts(6385): [0m'Github' is deprecated.

[7m275[0m               <Github className="w-5 h-5 mr-2" />
[7m   [0m [93m               ~~~~~~[0m
[96msrc/components/GitSection.tsx[0m:[93m4[0m:[93m26[0m - [93mwarning[0m[90m ts(6385): [0m'Github' is deprecated.

[7m4[0m import { Code, Download, Github, TerminalSquare, GitFork, Star, CloudCog } from 'lucide-react';
[7m [0m [93m                         ~~~~~~[0m

[96msrc/components/ShareButtons.tsx[0m:[93m111[0m:[93m12[0m - [93mwarning[0m[90m ts(6385): [0m'Linkedin' is deprecated.

[7m111[0m           <Linkedin className="h-4 w-4" />
[7m   [0m [93m           ~~~~~~~~[0m
[96msrc/components/ShareButtons.tsx[0m:[93m94[0m:[93m12[0m - [93mwarning[0m[90m ts(6385): [0m'Facebook' is deprecated.

[7m94[0m           <Facebook className="h-4 w-4" />
[7m  [0m [93m           ~~~~~~~~[0m
[96msrc/components/ShareButtons.tsx[0m:[93m77[0m:[93m12[0m - [93mwarning[0m[90m ts(6385): [0m'Twitter' is deprecated.

[7m77[0m           <Twitter className="h-4 w-4" />
[7m  [0m [93m           ~~~~~~~[0m
[96msrc/components/ShareButtons.tsx[0m:[93m5[0m:[93m37[0m - [93mwarning[0m[90m ts(6385): [0m'Linkedin' is deprecated.

[7m5[0m import { Share2, Twitter, Facebook, Linkedin } from 'lucide-react';
[7m [0m [93m                                    ~~~~~~~~[0m
[96msrc/components/ShareButtons.tsx[0m:[93m5[0m:[93m27[0m - [93mwarning[0m[90m ts(6385): [0m'Facebook' is deprecated.

[7m5[0m import { Share2, Twitter, Facebook, Linkedin } from 'lucide-react';
[7m [0m [93m                          ~~~~~~~~[0m
[96msrc/components/ShareButtons.tsx[0m:[93m5[0m:[93m18[0m - [93mwarning[0m[90m ts(6385): [0m'Twitter' is deprecated.

[7m5[0m import { Share2, Twitter, Facebook, Linkedin } from 'lucide-react';
[7m [0m [93m                 ~~~~~~~[0m

[96msrc/components/Sidebar.tsx[0m:[93m214[0m:[93m12[0m - [93mwarning[0m[90m ts(6385): [0m'Youtube' is deprecated.

[7m214[0m           <Youtube className="h-4 w-4" aria-hidden="true" />
[7m   [0m [93m           ~~~~~~~[0m
[96msrc/components/Sidebar.tsx[0m:[93m205[0m:[93m12[0m - [93mwarning[0m[90m ts(6385): [0m'Github' is deprecated.

[7m205[0m           <Github className="h-4 w-4" aria-hidden="true" />
[7m   [0m [93m           ~~~~~~[0m
[96msrc/components/Sidebar.tsx[0m:[93m22[0m:[93m3[0m - [93mwarning[0m[90m ts(6385): [0m'Youtube' is deprecated.

[7m22[0m   Youtube,
[7m  [0m [93m  ~~~~~~~[0m
[96msrc/components/Sidebar.tsx[0m:[93m21[0m:[93m3[0m - [93mwarning[0m[90m ts(6385): [0m'Github' is deprecated.

[7m21[0m   Github,
[7m  [0m [93m  ~~~~~~[0m

[96msrc/components/app/AppLayout.tsx[0m:[93m23[0m:[93m41[0m - [93mwarning[0m[90m ts(6133): [0m'NavigationView' is declared but its value is never read.

[7m23[0m import { mockEntities, viewCounts, type NavigationView, JOURNEY_STAGES } from "@/data/app-data"
[7m  [0m [93m                                        ~~~~~~~~~~~~~~[0m

[96msrc/components/auth/SocialLoginButtons.tsx[0m:[93m1[0m:[93m1[0m - [93mwarning[0m[90m ts(6133): [0m'React' is declared but its value is never read.

[7m1[0m import * as React from "react"
[7m [0m [93m~~~~~~~~~~~~~~~~~~~~~~~~~~~~~~[0m

[96msrc/components/dashboard/activity-chart.tsx[0m:[93m1[0m:[93m1[0m - [93mwarning[0m[90m ts(6133): [0m'React' is declared but its value is never read.

[7m1[0m import * as React from 'react';
[7m [0m [93m~~~~~~~~~~~~~~~~~~~~~~~~~~~~~~~[0m

[96msrc/components/dashboard/recent-transactions.tsx[0m:[93m1[0m:[93m1[0m - [93mwarning[0m[90m ts(6133): [0m'React' is declared but its value is never read.

[7m1[0m import * as React from 'react';
[7m [0m [93m~~~~~~~~~~~~~~~~~~~~~~~~~~~~~~~[0m

[96msrc/components/dashboard/revenue-chart.tsx[0m:[93m1[0m:[93m1[0m - [93mwarning[0m[90m ts(6133): [0m'React' is declared but its value is never read.

[7m1[0m import * as React from 'react';
[7m [0m [93m~~~~~~~~~~~~~~~~~~~~~~~~~~~~~~~[0m

[96msrc/components/examples/EnrollmentFlow.example.tsx[0m:[93m150[0m:[93m40[0m - [93mwarning[0m[90m ts(6198): [0mAll destructured elements are unused.

[7m150[0m export function EnrollmentFlowImproved({ userId, courseId, course }: EnrollmentFlowProps) {
[7m   [0m [93m                                       ~~~~~~~~~~~~~~~~~~~~~~~~~~~~[0m
[96msrc/components/examples/EnrollmentFlow.example.tsx[0m:[93m75[0m:[93m23[0m - [93mwarning[0m[90m ts(6133): [0m'connectionId' is declared but its value is never read.

[7m75[0m           onSuccess: (connectionId) => {
[7m  [0m [93m                      ~~~~~~~~~~~~[0m
[96msrc/components/examples/EnrollmentFlow.example.tsx[0m:[93m18[0m:[93m8[0m - [93mwarning[0m[90m ts(6133): [0m'T' is declared but its value is never read.

[7m18[0m type Id<T> = string; // Temporary type until backend is connected
[7m  [0m [93m       ~~~[0m

[96msrc/components/examples/HooksExample.tsx[0m:[93m238[0m:[93m18[0m - [93mwarning[0m[90m ts(6133): [0m'handleEnroll' is declared but its value is never read.

[7m238[0m   async function handleEnroll(courseId: string) {
[7m   [0m [93m                 ~~~~~~~~~~~~[0m
[96msrc/components/examples/HooksExample.tsx[0m:[93m47[0m:[93m3[0m - [93mwarning[0m[90m ts(6133): [0m'useCreateKnowledge' is declared but its value is never read.

[7m47[0m   useCreateKnowledge,
[7m  [0m [93m  ~~~~~~~~~~~~~~~~~~[0m
[96msrc/components/examples/HooksExample.tsx[0m:[93m40[0m:[93m3[0m - [93mwarning[0m[90m ts(6133): [0m'useEvents' is declared but its value is never read.

[7m40[0m   useEvents,
[7m  [0m [93m  ~~~~~~~~~[0m
[96msrc/components/examples/HooksExample.tsx[0m:[93m35[0m:[93m3[0m - [93mwarning[0m[90m ts(6133): [0m'useConnections' is declared but its value is never read.

[7m35[0m   useConnections,
[7m  [0m [93m  ~~~~~~~~~~~~~~[0m
[96msrc/components/examples/HooksExample.tsx[0m:[93m30[0m:[93m3[0m - [93mwarning[0m[90m ts(6133): [0m'useThing' is declared but its value is never read.

[7m30[0m   useThing,
[7m  [0m [93m  ~~~~~~~~[0m
[96msrc/components/examples/HooksExample.tsx[0m:[93m25[0m:[93m3[0m - [93mwarning[0m[90m ts(6133): [0m'usePeople' is declared but its value is never read.

[7m25[0m   usePeople,
[7m  [0m [93m  ~~~~~~~~~[0m
[96msrc/components/examples/HooksExample.tsx[0m:[93m19[0m:[93m3[0m - [93mwarning[0m[90m ts(6133): [0m'useOrganization' is declared but its value is never read.

[7m19[0m   useOrganization,
[7m  [0m [93m  ~~~~~~~~~~~~~~~[0m
[96msrc/components/examples/HooksExample.tsx[0m:[93m16[0m:[93m3[0m - [93mwarning[0m[90m ts(6133): [0m'DataProviderProvider' is declared but its value is never read.

[7m16[0m   DataProviderProvider,
[7m  [0m [93m  ~~~~~~~~~~~~~~~~~~~~[0m

[96msrc/components/features/GroupCard.tsx[0m:[93m30[0m:[93m40[0m - [93mwarning[0m[90m ts(6133): [0m'Group' is declared but its value is never read.

[7m30[0m import { useGroup, useGroupStats, type Group } from "@/hooks/useGroups";
[7m  [0m [93m                                       ~~~~~[0m
[96msrc/components/features/GroupCard.tsx[0m:[93m6[0m:[93m1[0m - [93mwarning[0m[90m ts(6133): [0m'React' is declared but its value is never read.

[7m6[0m import * as React from "react";
[7m [0m [93m~~~~~~~~~~~~~~~~~~~~~~~~~~~~~~~[0m

[96msrc/components/features/GroupHierarchy.tsx[0m:[93m141[0m:[93m34[0m - [91merror[0m[90m ts(2339): [0mProperty 'queries' does not exist on type '{ things: { list: () => never; get: () => never; }; connections: { list: () => never; }; groups: { list: () => never; get: () => never; }; }'.

[7m141[0m   const hierarchy = useQuery(api.queries.groups.getHierarchy, {
[7m   [0m [91m                                 ~~~~~~~[0m
[96msrc/components/features/GroupHierarchy.tsx[0m:[93m137[0m:[93m34[0m - [91merror[0m[90m ts(2339): [0mProperty 'queries' does not exist on type '{ things: { list: () => never; get: () => never; }; connections: { list: () => never; }; groups: { list: () => never; get: () => never; }; }'.

[7m137[0m   const rootGroup = useQuery(api.queries.groups.getById, {
[7m   [0m [91m                                 ~~~~~~~[0m
[96msrc/components/features/GroupHierarchy.tsx[0m:[93m63[0m:[93m34[0m - [91merror[0m[90m ts(2339): [0mProperty 'queries' does not exist on type '{ things: { list: () => never; get: () => never; }; connections: { list: () => never; }; groups: { list: () => never; get: () => never; }; }'.

[7m63[0m   const subgroups = useQuery(api.queries.groups.getSubgroups, {
[7m  [0m [91m                                 ~~~~~~~[0m

[96msrc/components/features/GroupSelector.tsx[0m:[93m73[0m:[93m31[0m - [91merror[0m[90m ts(2339): [0mProperty 'queries' does not exist on type '{ things: { list: () => never; get: () => never; }; connections: { list: () => never; }; groups: { list: () => never; get: () => never; }; }'.

[7m73[0m   const groups = useQuery(api.queries.groups.list, {
[7m  [0m [91m                              ~~~~~~~[0m
[96msrc/components/features/GroupSelector.tsx[0m:[93m6[0m:[93m1[0m - [93mwarning[0m[90m ts(6133): [0m'React' is declared but its value is never read.

[7m6[0m import * as React from "react";
[7m [0m [93m~~~~~~~~~~~~~~~~~~~~~~~~~~~~~~~[0m

[96msrc/components/features/PerformanceChart.tsx[0m:[93m1[0m:[93m1[0m - [93mwarning[0m[90m ts(6133): [0m'React' is declared but its value is never read.

[7m1[0m import * as React from 'react';
[7m [0m [93m~~~~~~~~~~~~~~~~~~~~~~~~~~~~~~~[0m

[96msrc/components/groups/GroupCreateForm.tsx[0m:[93m58[0m:[93m9[0m - [91merror[0m[90m ts(2339): [0mProperty 'queries' does not exist on type '{ things: { list: () => never; get: () => never; }; connections: { list: () => never; }; groups: { list: () => never; get: () => never; }; }'.

[7m58[0m     api.queries.groups.getBySlug,
[7m  [0m [91m        ~~~~~~~[0m
[96msrc/components/groups/GroupCreateForm.tsx[0m:[93m54[0m:[93m39[0m - [91merror[0m[90m ts(2339): [0mProperty 'mutations' does not exist on type '{ things: { list: () => never; get: () => never; }; connections: { list: () => never; }; groups: { list: () => never; get: () => never; }; }'.

[7m54[0m   const createGroup = useMutation(api.mutations.groups.create);
[7m  [0m [91m                                      ~~~~~~~~~[0m
[96msrc/components/groups/GroupCreateForm.tsx[0m:[93m89[0m:[93m13[0m - [93mwarning[0m[90m ts(6133): [0m'groupId' is declared but its value is never read.

[7m89[0m       const groupId = await createGroup({
[7m  [0m [93m            ~~~~~~~[0m
[96msrc/components/groups/GroupCreateForm.tsx[0m:[93m51[0m:[93m35[0m - [93mwarning[0m[90m ts(6133): [0m'user' is declared but its value is never read.

[7m51[0m export function GroupCreateForm({ user, parentSlug }: GroupCreateFormProps) {
[7m  [0m [93m                                  ~~~~[0m

[96msrc/components/groups/GroupSettingsForm.tsx[0m:[93m67[0m:[93m40[0m - [91merror[0m[90m ts(2339): [0mProperty 'mutations' does not exist on type '{ things: { list: () => never; get: () => never; }; connections: { list: () => never; }; groups: { list: () => never; get: () => never; }; }'.

[7m67[0m   const archiveGroup = useMutation(api.mutations.groups.archive);
[7m  [0m [91m                                       ~~~~~~~~~[0m
[96msrc/components/groups/GroupSettingsForm.tsx[0m:[93m66[0m:[93m39[0m - [91merror[0m[90m ts(2339): [0mProperty 'mutations' does not exist on type '{ things: { list: () => never; get: () => never; }; connections: { list: () => never; }; groups: { list: () => never; get: () => never; }; }'.

[7m66[0m   const updateGroup = useMutation(api.mutations.groups.update);
[7m  [0m [91m                                      ~~~~~~~~~[0m
[96msrc/components/groups/GroupSettingsForm.tsx[0m:[93m7[0m:[93m15[0m - [91merror[0m[90m ts(2305): [0mModule '"@/lib/convex-api"' has no exported member 'Id'.

[7m7[0m import type { Id } from '@/lib/convex-api';
[7m [0m [91m              ~~[0m
[96msrc/components/groups/GroupSettingsForm.tsx[0m:[93m62[0m:[93m44[0m - [93mwarning[0m[90m ts(6133): [0m'user' is declared but its value is never read.

[7m62[0m export function GroupSettingsForm({ group, user }: GroupSettingsFormProps) {
[7m  [0m [93m                                           ~~~~[0m

[96msrc/components/mail/AccountSwitcher.tsx[0m:[93m64[0m:[93m33[0m - [93mwarning[0m[90m ts(6133): [0m'index' is declared but its value is never read.

[7m64[0m         {accounts.map((account, index) => (
[7m  [0m [93m                                ~~~~~[0m

[96msrc/components/mail/MailDisplay.tsx[0m:[93m80[0m:[93m25[0m - [93mwarning[0m[90m ts(6133): [0m'date' is declared but its value is never read.

[7m80[0m   const handleSnooze = (date: Date, label: string) => {
[7m  [0m [93m                        ~~~~[0m

[96msrc/components/ui/accordion.tsx[0m:[93m42[0m:[93m9[0m - [93mwarning[0m[90m ts(6385): [0m'ElementRef' is deprecated.

[7m42[0m   React.ElementRef<typeof AccordionPrimitive.Content>,
[7m  [0m [93m        ~~~~~~~~~~[0m
[96msrc/components/ui/accordion.tsx[0m:[93m22[0m:[93m9[0m - [93mwarning[0m[90m ts(6385): [0m'ElementRef' is deprecated.

[7m22[0m   React.ElementRef<typeof AccordionPrimitive.Trigger>,
[7m  [0m [93m        ~~~~~~~~~~[0m
[96msrc/components/ui/accordion.tsx[0m:[93m10[0m:[93m9[0m - [93mwarning[0m[90m ts(6385): [0m'ElementRef' is deprecated.

[7m10[0m   React.ElementRef<typeof AccordionPrimitive.Item>,
[7m  [0m [93m        ~~~~~~~~~~[0m

[96msrc/components/ui/alert-dialog.tsx[0m:[93m112[0m:[93m9[0m - [93mwarning[0m[90m ts(6385): [0m'ElementRef' is deprecated.

[7m112[0m   React.ElementRef<typeof AlertDialogPrimitive.Cancel>,
[7m   [0m [93m        ~~~~~~~~~~[0m
[96msrc/components/ui/alert-dialog.tsx[0m:[93m100[0m:[93m9[0m - [93mwarning[0m[90m ts(6385): [0m'ElementRef' is deprecated.

[7m100[0m   React.ElementRef<typeof AlertDialogPrimitive.Action>,
[7m   [0m [93m        ~~~~~~~~~~[0m
[96msrc/components/ui/alert-dialog.tsx[0m:[93m87[0m:[93m9[0m - [93mwarning[0m[90m ts(6385): [0m'ElementRef' is deprecated.

[7m87[0m   React.ElementRef<typeof AlertDialogPrimitive.Description>,
[7m  [0m [93m        ~~~~~~~~~~[0m
[96msrc/components/ui/alert-dialog.tsx[0m:[93m75[0m:[93m9[0m - [93mwarning[0m[90m ts(6385): [0m'ElementRef' is deprecated.

[7m75[0m   React.ElementRef<typeof AlertDialogPrimitive.Title>,
[7m  [0m [93m        ~~~~~~~~~~[0m
[96msrc/components/ui/alert-dialog.tsx[0m:[93m29[0m:[93m9[0m - [93mwarning[0m[90m ts(6385): [0m'ElementRef' is deprecated.

[7m29[0m   React.ElementRef<typeof AlertDialogPrimitive.Content>,
[7m  [0m [93m        ~~~~~~~~~~[0m
[96msrc/components/ui/alert-dialog.tsx[0m:[93m14[0m:[93m9[0m - [93mwarning[0m[90m ts(6385): [0m'ElementRef' is deprecated.

[7m14[0m   React.ElementRef<typeof AlertDialogPrimitive.Overlay>,
[7m  [0m [93m        ~~~~~~~~~~[0m

[96msrc/components/ui/avatar.tsx[0m:[93m36[0m:[93m9[0m - [93mwarning[0m[90m ts(6385): [0m'ElementRef' is deprecated.

[7m36[0m   React.ElementRef<typeof AvatarPrimitive.Fallback>,
[7m  [0m [93m        ~~~~~~~~~~[0m
[96msrc/components/ui/avatar.tsx[0m:[93m24[0m:[93m9[0m - [93mwarning[0m[90m ts(6385): [0m'ElementRef' is deprecated.

[7m24[0m   React.ElementRef<typeof AvatarPrimitive.Image>,
[7m  [0m [93m        ~~~~~~~~~~[0m
[96msrc/components/ui/avatar.tsx[0m:[93m9[0m:[93m9[0m - [93mwarning[0m[90m ts(6385): [0m'ElementRef' is deprecated.

[7m9[0m   React.ElementRef<typeof AvatarPrimitive.Root>,
[7m [0m [93m        ~~~~~~~~~~[0m

[96msrc/components/ui/checkbox.tsx[0m:[93m8[0m:[93m9[0m - [93mwarning[0m[90m ts(6385): [0m'ElementRef' is deprecated.

[7m8[0m   React.ElementRef<typeof CheckboxPrimitive.Root>,
[7m [0m [93m        ~~~~~~~~~~[0m

[96msrc/components/ui/command.tsx[0m:[93m110[0m:[93m9[0m - [93mwarning[0m[90m ts(6385): [0m'ElementRef' is deprecated.

[7m110[0m   React.ElementRef<typeof CommandPrimitive.Item>,
[7m   [0m [93m        ~~~~~~~~~~[0m
[96msrc/components/ui/command.tsx[0m:[93m98[0m:[93m9[0m - [93mwarning[0m[90m ts(6385): [0m'ElementRef' is deprecated.

[7m98[0m   React.ElementRef<typeof CommandPrimitive.Separator>,
[7m  [0m [93m        ~~~~~~~~~~[0m
[96msrc/components/ui/command.tsx[0m:[93m82[0m:[93m9[0m - [93mwarning[0m[90m ts(6385): [0m'ElementRef' is deprecated.

[7m82[0m   React.ElementRef<typeof CommandPrimitive.Group>,
[7m  [0m [93m        ~~~~~~~~~~[0m
[96msrc/components/ui/command.tsx[0m:[93m69[0m:[93m9[0m - [93mwarning[0m[90m ts(6385): [0m'ElementRef' is deprecated.

[7m69[0m   React.ElementRef<typeof CommandPrimitive.Empty>,
[7m  [0m [93m        ~~~~~~~~~~[0m
[96msrc/components/ui/command.tsx[0m:[93m56[0m:[93m9[0m - [93mwarning[0m[90m ts(6385): [0m'ElementRef' is deprecated.

[7m56[0m   React.ElementRef<typeof CommandPrimitive.List>,
[7m  [0m [93m        ~~~~~~~~~~[0m
[96msrc/components/ui/command.tsx[0m:[93m37[0m:[93m9[0m - [93mwarning[0m[90m ts(6385): [0m'ElementRef' is deprecated.

[7m37[0m   React.ElementRef<typeof CommandPrimitive.Input>,
[7m  [0m [93m        ~~~~~~~~~~[0m
[96msrc/components/ui/command.tsx[0m:[93m10[0m:[93m9[0m - [93mwarning[0m[90m ts(6385): [0m'ElementRef' is deprecated.

[7m10[0m   React.ElementRef<typeof CommandPrimitive>,
[7m  [0m [93m        ~~~~~~~~~~[0m

[96msrc/components/ui/context-menu.tsx[0m:[93m155[0m:[93m9[0m - [93mwarning[0m[90m ts(6385): [0m'ElementRef' is deprecated.

[7m155[0m   React.ElementRef<typeof ContextMenuPrimitive.Separator>,
[7m   [0m [93m        ~~~~~~~~~~[0m
[96msrc/components/ui/context-menu.tsx[0m:[93m137[0m:[93m9[0m - [93mwarning[0m[90m ts(6385): [0m'ElementRef' is deprecated.

[7m137[0m   React.ElementRef<typeof ContextMenuPrimitive.Label>,
[7m   [0m [93m        ~~~~~~~~~~[0m
[96msrc/components/ui/context-menu.tsx[0m:[93m115[0m:[93m9[0m - [93mwarning[0m[90m ts(6385): [0m'ElementRef' is deprecated.

[7m115[0m   React.ElementRef<typeof ContextMenuPrimitive.RadioItem>,
[7m   [0m [93m        ~~~~~~~~~~[0m
[96msrc/components/ui/context-menu.tsx[0m:[93m91[0m:[93m9[0m - [93mwarning[0m[90m ts(6385): [0m'ElementRef' is deprecated.

[7m91[0m   React.ElementRef<typeof ContextMenuPrimitive.CheckboxItem>,
[7m  [0m [93m        ~~~~~~~~~~[0m
[96msrc/components/ui/context-menu.tsx[0m:[93m73[0m:[93m9[0m - [93mwarning[0m[90m ts(6385): [0m'ElementRef' is deprecated.

[7m73[0m   React.ElementRef<typeof ContextMenuPrimitive.Item>,
[7m  [0m [93m        ~~~~~~~~~~[0m
[96msrc/components/ui/context-menu.tsx[0m:[93m56[0m:[93m9[0m - [93mwarning[0m[90m ts(6385): [0m'ElementRef' is deprecated.

[7m56[0m   React.ElementRef<typeof ContextMenuPrimitive.Content>,
[7m  [0m [93m        ~~~~~~~~~~[0m
[96msrc/components/ui/context-menu.tsx[0m:[93m41[0m:[93m9[0m - [93mwarning[0m[90m ts(6385): [0m'ElementRef' is deprecated.

[7m41[0m   React.ElementRef<typeof ContextMenuPrimitive.SubContent>,
[7m  [0m [93m        ~~~~~~~~~~[0m
[96msrc/components/ui/context-menu.tsx[0m:[93m20[0m:[93m9[0m - [93mwarning[0m[90m ts(6385): [0m'ElementRef' is deprecated.

[7m20[0m   React.ElementRef<typeof ContextMenuPrimitive.SubTrigger>,
[7m  [0m [93m        ~~~~~~~~~~[0m

[96msrc/components/ui/dialog.tsx[0m:[93m100[0m:[93m9[0m - [93mwarning[0m[90m ts(6385): [0m'ElementRef' is deprecated.

[7m100[0m   React.ElementRef<typeof DialogPrimitive.Description>,
[7m   [0m [93m        ~~~~~~~~~~[0m
[96msrc/components/ui/dialog.tsx[0m:[93m85[0m:[93m9[0m - [93mwarning[0m[90m ts(6385): [0m'ElementRef' is deprecated.

[7m85[0m   React.ElementRef<typeof DialogPrimitive.Title>,
[7m  [0m [93m        ~~~~~~~~~~[0m
[96msrc/components/ui/dialog.tsx[0m:[93m33[0m:[93m9[0m - [93mwarning[0m[90m ts(6385): [0m'ElementRef' is deprecated.

[7m33[0m   React.ElementRef<typeof DialogPrimitive.Content>,
[7m  [0m [93m        ~~~~~~~~~~[0m
[96msrc/components/ui/dialog.tsx[0m:[93m18[0m:[93m9[0m - [93mwarning[0m[90m ts(6385): [0m'ElementRef' is deprecated.

[7m18[0m   React.ElementRef<typeof DialogPrimitive.Overlay>,
[7m  [0m [93m        ~~~~~~~~~~[0m

[96msrc/components/ui/drawer.tsx[0m:[93m96[0m:[93m9[0m - [93mwarning[0m[90m ts(6385): [0m'ElementRef' is deprecated.

[7m96[0m   React.ElementRef<typeof DrawerPrimitive.Description>,
[7m  [0m [93m        ~~~~~~~~~~[0m
[96msrc/components/ui/drawer.tsx[0m:[93m81[0m:[93m9[0m - [93mwarning[0m[90m ts(6385): [0m'ElementRef' is deprecated.

[7m81[0m   React.ElementRef<typeof DrawerPrimitive.Title>,
[7m  [0m [93m        ~~~~~~~~~~[0m
[96msrc/components/ui/drawer.tsx[0m:[93m38[0m:[93m9[0m - [93mwarning[0m[90m ts(6385): [0m'ElementRef' is deprecated.

[7m38[0m   React.ElementRef<typeof DrawerPrimitive.Content>,
[7m  [0m [93m        ~~~~~~~~~~[0m
[96msrc/components/ui/drawer.tsx[0m:[93m26[0m:[93m9[0m - [93mwarning[0m[90m ts(6385): [0m'ElementRef' is deprecated.

[7m26[0m   React.ElementRef<typeof DrawerPrimitive.Overlay>,
[7m  [0m [93m        ~~~~~~~~~~[0m

[96msrc/components/ui/dropdown-menu.tsx[0m:[93m159[0m:[93m9[0m - [93mwarning[0m[90m ts(6385): [0m'ElementRef' is deprecated.

[7m159[0m   React.ElementRef<typeof DropdownMenuPrimitive.Separator>,
[7m   [0m [93m        ~~~~~~~~~~[0m
[96msrc/components/ui/dropdown-menu.tsx[0m:[93m141[0m:[93m9[0m - [93mwarning[0m[90m ts(6385): [0m'ElementRef' is deprecated.

[7m141[0m   React.ElementRef<typeof DropdownMenuPrimitive.Label>,
[7m   [0m [93m        ~~~~~~~~~~[0m
[96msrc/components/ui/dropdown-menu.tsx[0m:[93m119[0m:[93m9[0m - [93mwarning[0m[90m ts(6385): [0m'ElementRef' is deprecated.

[7m119[0m   React.ElementRef<typeof DropdownMenuPrimitive.RadioItem>,
[7m   [0m [93m        ~~~~~~~~~~[0m
[96msrc/components/ui/dropdown-menu.tsx[0m:[93m95[0m:[93m9[0m - [93mwarning[0m[90m ts(6385): [0m'ElementRef' is deprecated.

[7m95[0m   React.ElementRef<typeof DropdownMenuPrimitive.CheckboxItem>,
[7m  [0m [93m        ~~~~~~~~~~[0m
[96msrc/components/ui/dropdown-menu.tsx[0m:[93m77[0m:[93m9[0m - [93mwarning[0m[90m ts(6385): [0m'ElementRef' is deprecated.

[7m77[0m   React.ElementRef<typeof DropdownMenuPrimitive.Item>,
[7m  [0m [93m        ~~~~~~~~~~[0m
[96msrc/components/ui/dropdown-menu.tsx[0m:[93m58[0m:[93m9[0m - [93mwarning[0m[90m ts(6385): [0m'ElementRef' is deprecated.

[7m58[0m   React.ElementRef<typeof DropdownMenuPrimitive.Content>,
[7m  [0m [93m        ~~~~~~~~~~[0m
[96msrc/components/ui/dropdown-menu.tsx[0m:[93m42[0m:[93m9[0m - [93mwarning[0m[90m ts(6385): [0m'ElementRef' is deprecated.

[7m42[0m   React.ElementRef<typeof DropdownMenuPrimitive.SubContent>,
[7m  [0m [93m        ~~~~~~~~~~[0m
[96msrc/components/ui/dropdown-menu.tsx[0m:[93m20[0m:[93m9[0m - [93mwarning[0m[90m ts(6385): [0m'ElementRef' is deprecated.

[7m20[0m   React.ElementRef<typeof DropdownMenuPrimitive.SubTrigger>,
[7m  [0m [93m        ~~~~~~~~~~[0m

[96msrc/components/ui/form.tsx[0m:[93m107[0m:[93m9[0m - [93mwarning[0m[90m ts(6385): [0m'ElementRef' is deprecated.

[7m107[0m   React.ElementRef<typeof Slot>,
[7m   [0m [93m        ~~~~~~~~~~[0m
[96msrc/components/ui/form.tsx[0m:[93m90[0m:[93m9[0m - [93mwarning[0m[90m ts(6385): [0m'ElementRef' is deprecated.

[7m90[0m   React.ElementRef<typeof LabelPrimitive.Root>,
[7m  [0m [93m        ~~~~~~~~~~[0m

[96msrc/components/ui/hover-card.tsx[0m:[93m13[0m:[93m9[0m - [93mwarning[0m[90m ts(6385): [0m'ElementRef' is deprecated.

[7m13[0m   React.ElementRef<typeof HoverCardPrimitive.Content>,
[7m  [0m [93m        ~~~~~~~~~~[0m

[96msrc/components/ui/input-otp.tsx[0m:[93m60[0m:[93m9[0m - [93mwarning[0m[90m ts(6385): [0m'ElementRef' is deprecated.

[7m60[0m   React.ElementRef<'div'>,
[7m  [0m [93m        ~~~~~~~~~~[0m
[96msrc/components/ui/input-otp.tsx[0m:[93m32[0m:[93m9[0m - [93mwarning[0m[90m ts(6385): [0m'ElementRef' is deprecated.

[7m32[0m   React.ElementRef<'div'>,
[7m  [0m [93m        ~~~~~~~~~~[0m
[96msrc/components/ui/input-otp.tsx[0m:[93m24[0m:[93m9[0m - [93mwarning[0m[90m ts(6385): [0m'ElementRef' is deprecated.

[7m24[0m   React.ElementRef<'div'>,
[7m  [0m [93m        ~~~~~~~~~~[0m
[96msrc/components/ui/input-otp.tsx[0m:[93m8[0m:[93m9[0m - [93mwarning[0m[90m ts(6385): [0m'ElementRef' is deprecated.

[7m8[0m   React.ElementRef<typeof OTPInput>,
[7m [0m [93m        ~~~~~~~~~~[0m

[96msrc/components/ui/label.tsx[0m:[93m12[0m:[93m9[0m - [93mwarning[0m[90m ts(6385): [0m'ElementRef' is deprecated.

[7m12[0m   React.ElementRef<typeof LabelPrimitive.Root>,
[7m  [0m [93m        ~~~~~~~~~~[0m

[96msrc/components/ui/menubar.tsx[0m:[93m212[0m:[93m9[0m - [93mwarning[0m[90m ts(6385): [0m'ElementRef' is deprecated.

[7m212[0m   React.ElementRef<typeof MenubarPrimitive.Separator>,
[7m   [0m [93m        ~~~~~~~~~~[0m
[96msrc/components/ui/menubar.tsx[0m:[93m194[0m:[93m9[0m - [93mwarning[0m[90m ts(6385): [0m'ElementRef' is deprecated.

[7m194[0m   React.ElementRef<typeof MenubarPrimitive.Label>,
[7m   [0m [93m        ~~~~~~~~~~[0m
[96msrc/components/ui/menubar.tsx[0m:[93m172[0m:[93m9[0m - [93mwarning[0m[90m ts(6385): [0m'ElementRef' is deprecated.

[7m172[0m   React.ElementRef<typeof MenubarPrimitive.RadioItem>,
[7m   [0m [93m        ~~~~~~~~~~[0m
[96msrc/components/ui/menubar.tsx[0m:[93m149[0m:[93m9[0m - [93mwarning[0m[90m ts(6385): [0m'ElementRef' is deprecated.

[7m149[0m   React.ElementRef<typeof MenubarPrimitive.CheckboxItem>,
[7m   [0m [93m        ~~~~~~~~~~[0m
[96msrc/components/ui/menubar.tsx[0m:[93m131[0m:[93m9[0m - [93mwarning[0m[90m ts(6385): [0m'ElementRef' is deprecated.

[7m131[0m   React.ElementRef<typeof MenubarPrimitive.Item>,
[7m   [0m [93m        ~~~~~~~~~~[0m
[96msrc/components/ui/menubar.tsx[0m:[93m106[0m:[93m9[0m - [93mwarning[0m[90m ts(6385): [0m'ElementRef' is deprecated.

[7m106[0m   React.ElementRef<typeof MenubarPrimitive.Content>,
[7m   [0m [93m        ~~~~~~~~~~[0m
[96msrc/components/ui/menubar.tsx[0m:[93m91[0m:[93m9[0m - [93mwarning[0m[90m ts(6385): [0m'ElementRef' is deprecated.

[7m91[0m   React.ElementRef<typeof MenubarPrimitive.SubContent>,
[7m  [0m [93m        ~~~~~~~~~~[0m
[96msrc/components/ui/menubar.tsx[0m:[93m70[0m:[93m9[0m - [93mwarning[0m[90m ts(6385): [0m'ElementRef' is deprecated.

[7m70[0m   React.ElementRef<typeof MenubarPrimitive.SubTrigger>,
[7m  [0m [93m        ~~~~~~~~~~[0m
[96msrc/components/ui/menubar.tsx[0m:[93m55[0m:[93m9[0m - [93mwarning[0m[90m ts(6385): [0m'ElementRef' is deprecated.

[7m55[0m   React.ElementRef<typeof MenubarPrimitive.Trigger>,
[7m  [0m [93m        ~~~~~~~~~~[0m
[96msrc/components/ui/menubar.tsx[0m:[93m40[0m:[93m9[0m - [93mwarning[0m[90m ts(6385): [0m'ElementRef' is deprecated.

[7m40[0m   React.ElementRef<typeof MenubarPrimitive.Root>,
[7m  [0m [93m        ~~~~~~~~~~[0m

[96msrc/components/ui/navigation-menu.tsx[0m:[93m101[0m:[93m9[0m - [93mwarning[0m[90m ts(6385): [0m'ElementRef' is deprecated.

[7m101[0m   React.ElementRef<typeof NavigationMenuPrimitive.Indicator>,
[7m   [0m [93m        ~~~~~~~~~~[0m
[96msrc/components/ui/navigation-menu.tsx[0m:[93m83[0m:[93m9[0m - [93mwarning[0m[90m ts(6385): [0m'ElementRef' is deprecated.

[7m83[0m   React.ElementRef<typeof NavigationMenuPrimitive.Viewport>,
[7m  [0m [93m        ~~~~~~~~~~[0m
[96msrc/components/ui/navigation-menu.tsx[0m:[93m66[0m:[93m9[0m - [93mwarning[0m[90m ts(6385): [0m'ElementRef' is deprecated.

[7m66[0m   React.ElementRef<typeof NavigationMenuPrimitive.Content>,
[7m  [0m [93m        ~~~~~~~~~~[0m
[96msrc/components/ui/navigation-menu.tsx[0m:[93m48[0m:[93m9[0m - [93mwarning[0m[90m ts(6385): [0m'ElementRef' is deprecated.

[7m48[0m   React.ElementRef<typeof NavigationMenuPrimitive.Trigger>,
[7m  [0m [93m        ~~~~~~~~~~[0m
[96msrc/components/ui/navigation-menu.tsx[0m:[93m27[0m:[93m9[0m - [93mwarning[0m[90m ts(6385): [0m'ElementRef' is deprecated.

[7m27[0m   React.ElementRef<typeof NavigationMenuPrimitive.List>,
[7m  [0m [93m        ~~~~~~~~~~[0m
[96msrc/components/ui/navigation-menu.tsx[0m:[93m9[0m:[93m9[0m - [93mwarning[0m[90m ts(6385): [0m'ElementRef' is deprecated.

[7m9[0m   React.ElementRef<typeof NavigationMenuPrimitive.Root>,
[7m [0m [93m        ~~~~~~~~~~[0m

[96msrc/components/ui/popover.tsx[0m:[93m13[0m:[93m9[0m - [93mwarning[0m[90m ts(6385): [0m'ElementRef' is deprecated.

[7m13[0m   React.ElementRef<typeof PopoverPrimitive.Content>,
[7m  [0m [93m        ~~~~~~~~~~[0m

[96msrc/components/ui/progress.tsx[0m:[93m9[0m:[93m9[0m - [93mwarning[0m[90m ts(6385): [0m'ElementRef' is deprecated.

[7m9[0m   React.ElementRef<typeof ProgressPrimitive.Root>,
[7m [0m [93m        ~~~~~~~~~~[0m

[96msrc/components/ui/radio-group.tsx[0m:[93m22[0m:[93m9[0m - [93mwarning[0m[90m ts(6385): [0m'ElementRef' is deprecated.

[7m22[0m   React.ElementRef<typeof RadioGroupPrimitive.Item>,
[7m  [0m [93m        ~~~~~~~~~~[0m
[96msrc/components/ui/radio-group.tsx[0m:[93m8[0m:[93m9[0m - [93mwarning[0m[90m ts(6385): [0m'ElementRef' is deprecated.

[7m8[0m   React.ElementRef<typeof RadioGroupPrimitive.Root>,
[7m [0m [93m        ~~~~~~~~~~[0m

[96msrc/components/ui/scroll-area.tsx[0m:[93m25[0m:[93m9[0m - [93mwarning[0m[90m ts(6385): [0m'ElementRef' is deprecated.

[7m25[0m   React.ElementRef<typeof ScrollAreaPrimitive.ScrollAreaScrollbar>,
[7m  [0m [93m        ~~~~~~~~~~[0m
[96msrc/components/ui/scroll-area.tsx[0m:[93m7[0m:[93m9[0m - [93mwarning[0m[90m ts(6385): [0m'ElementRef' is deprecated.

[7m7[0m   React.ElementRef<typeof ScrollAreaPrimitive.Root>,
[7m [0m [93m        ~~~~~~~~~~[0m

[96msrc/components/ui/select.tsx[0m:[93m137[0m:[93m9[0m - [93mwarning[0m[90m ts(6385): [0m'ElementRef' is deprecated.

[7m137[0m   React.ElementRef<typeof SelectPrimitive.Separator>,
[7m   [0m [93m        ~~~~~~~~~~[0m
[96msrc/components/ui/select.tsx[0m:[93m115[0m:[93m9[0m - [93mwarning[0m[90m ts(6385): [0m'ElementRef' is deprecated.

[7m115[0m   React.ElementRef<typeof SelectPrimitive.Item>,
[7m   [0m [93m        ~~~~~~~~~~[0m
[96msrc/components/ui/select.tsx[0m:[93m103[0m:[93m9[0m - [93mwarning[0m[90m ts(6385): [0m'ElementRef' is deprecated.

[7m103[0m   React.ElementRef<typeof SelectPrimitive.Label>,
[7m   [0m [93m        ~~~~~~~~~~[0m
[96msrc/components/ui/select.tsx[0m:[93m71[0m:[93m9[0m - [93mwarning[0m[90m ts(6385): [0m'ElementRef' is deprecated.

[7m71[0m   React.ElementRef<typeof SelectPrimitive.Content>,
[7m  [0m [93m        ~~~~~~~~~~[0m
[96msrc/components/ui/select.tsx[0m:[93m53[0m:[93m9[0m - [93mwarning[0m[90m ts(6385): [0m'ElementRef' is deprecated.

[7m53[0m   React.ElementRef<typeof SelectPrimitive.ScrollDownButton>,
[7m  [0m [93m        ~~~~~~~~~~[0m
[96msrc/components/ui/select.tsx[0m:[93m36[0m:[93m9[0m - [93mwarning[0m[90m ts(6385): [0m'ElementRef' is deprecated.

[7m36[0m   React.ElementRef<typeof SelectPrimitive.ScrollUpButton>,
[7m  [0m [93m        ~~~~~~~~~~[0m
[96msrc/components/ui/select.tsx[0m:[93m16[0m:[93m9[0m - [93mwarning[0m[90m ts(6385): [0m'ElementRef' is deprecated.

[7m16[0m   React.ElementRef<typeof SelectPrimitive.Trigger>,
[7m  [0m [93m        ~~~~~~~~~~[0m

[96msrc/components/ui/separator.tsx[0m:[93m7[0m:[93m9[0m - [93mwarning[0m[90m ts(6385): [0m'ElementRef' is deprecated.

[7m7[0m   React.ElementRef<typeof SeparatorPrimitive.Root>,
[7m [0m [93m        ~~~~~~~~~~[0m

[96msrc/components/ui/sheet.tsx[0m:[93m118[0m:[93m9[0m - [93mwarning[0m[90m ts(6385): [0m'ElementRef' is deprecated.

[7m118[0m   React.ElementRef<typeof SheetPrimitive.Description>,
[7m   [0m [93m        ~~~~~~~~~~[0m
[96msrc/components/ui/sheet.tsx[0m:[93m106[0m:[93m9[0m - [93mwarning[0m[90m ts(6385): [0m'ElementRef' is deprecated.

[7m106[0m   React.ElementRef<typeof SheetPrimitive.Title>,
[7m   [0m [93m        ~~~~~~~~~~[0m
[96msrc/components/ui/sheet.tsx[0m:[93m57[0m:[93m9[0m - [93mwarning[0m[90m ts(6385): [0m'ElementRef' is deprecated.

[7m57[0m   React.ElementRef<typeof SheetPrimitive.Content>,
[7m  [0m [93m        ~~~~~~~~~~[0m
[96msrc/components/ui/sheet.tsx[0m:[93m19[0m:[93m9[0m - [93mwarning[0m[90m ts(6385): [0m'ElementRef' is deprecated.

[7m19[0m   React.ElementRef<typeof SheetPrimitive.Overlay>,
[7m  [0m [93m        ~~~~~~~~~~[0m

[96msrc/components/ui/sidebar.tsx[0m:[93m395[0m:[93m9[0m - [93mwarning[0m[90m ts(6385): [0m'ElementRef' is deprecated.

[7m395[0m   React.ElementRef<typeof Separator>,
[7m   [0m [93m        ~~~~~~~~~~[0m
[96msrc/components/ui/sidebar.tsx[0m:[93m347[0m:[93m9[0m - [93mwarning[0m[90m ts(6385): [0m'ElementRef' is deprecated.

[7m347[0m   React.ElementRef<typeof Input>,
[7m   [0m [93m        ~~~~~~~~~~[0m
[96msrc/components/ui/sidebar.tsx[0m:[93m274[0m:[93m9[0m - [93mwarning[0m[90m ts(6385): [0m'ElementRef' is deprecated.

[7m274[0m   React.ElementRef<typeof Button>,
[7m   [0m [93m        ~~~~~~~~~~[0m

[96msrc/components/ui/slider.tsx[0m:[93m7[0m:[93m9[0m - [93mwarning[0m[90m ts(6385): [0m'ElementRef' is deprecated.

[7m7[0m   React.ElementRef<typeof SliderPrimitive.Root>,
[7m [0m [93m        ~~~~~~~~~~[0m

[96msrc/components/ui/switch.tsx[0m:[93m7[0m:[93m9[0m - [93mwarning[0m[90m ts(6385): [0m'ElementRef' is deprecated.

[7m7[0m   React.ElementRef<typeof SwitchPrimitives.Root>,
[7m [0m [93m        ~~~~~~~~~~[0m

[96msrc/components/ui/tabs.tsx[0m:[93m39[0m:[93m9[0m - [93mwarning[0m[90m ts(6385): [0m'ElementRef' is deprecated.

[7m39[0m   React.ElementRef<typeof TabsPrimitive.Content>,
[7m  [0m [93m        ~~~~~~~~~~[0m
[96msrc/components/ui/tabs.tsx[0m:[93m24[0m:[93m9[0m - [93mwarning[0m[90m ts(6385): [0m'ElementRef' is deprecated.

[7m24[0m   React.ElementRef<typeof TabsPrimitive.Trigger>,
[7m  [0m [93m        ~~~~~~~~~~[0m
[96msrc/components/ui/tabs.tsx[0m:[93m9[0m:[93m9[0m - [93mwarning[0m[90m ts(6385): [0m'ElementRef' is deprecated.

[7m9[0m   React.ElementRef<typeof TabsPrimitive.List>,
[7m [0m [93m        ~~~~~~~~~~[0m

[96msrc/components/ui/toast.tsx[0m:[93m102[0m:[93m9[0m - [93mwarning[0m[90m ts(6385): [0m'ElementRef' is deprecated.

[7m102[0m   React.ElementRef<typeof ToastPrimitives.Description>,
[7m   [0m [93m        ~~~~~~~~~~[0m
[96msrc/components/ui/toast.tsx[0m:[93m90[0m:[93m9[0m - [93mwarning[0m[90m ts(6385): [0m'ElementRef' is deprecated.

[7m90[0m   React.ElementRef<typeof ToastPrimitives.Title>,
[7m  [0m [93m        ~~~~~~~~~~[0m
[96msrc/components/ui/toast.tsx[0m:[93m72[0m:[93m9[0m - [93mwarning[0m[90m ts(6385): [0m'ElementRef' is deprecated.

[7m72[0m   React.ElementRef<typeof ToastPrimitives.Close>,
[7m  [0m [93m        ~~~~~~~~~~[0m
[96msrc/components/ui/toast.tsx[0m:[93m57[0m:[93m9[0m - [93mwarning[0m[90m ts(6385): [0m'ElementRef' is deprecated.

[7m57[0m   React.ElementRef<typeof ToastPrimitives.Action>,
[7m  [0m [93m        ~~~~~~~~~~[0m
[96msrc/components/ui/toast.tsx[0m:[93m42[0m:[93m9[0m - [93mwarning[0m[90m ts(6385): [0m'ElementRef' is deprecated.

[7m42[0m   React.ElementRef<typeof ToastPrimitives.Root>,
[7m  [0m [93m        ~~~~~~~~~~[0m
[96msrc/components/ui/toast.tsx[0m:[93m11[0m:[93m9[0m - [93mwarning[0m[90m ts(6385): [0m'ElementRef' is deprecated.

[7m11[0m   React.ElementRef<typeof ToastPrimitives.Viewport>,
[7m  [0m [93m        ~~~~~~~~~~[0m

[96msrc/components/ui/toggle-group.tsx[0m:[93m36[0m:[93m9[0m - [93mwarning[0m[90m ts(6385): [0m'ElementRef' is deprecated.

[7m36[0m   React.ElementRef<typeof ToggleGroupPrimitive.Item>,
[7m  [0m [93m        ~~~~~~~~~~[0m
[96msrc/components/ui/toggle-group.tsx[0m:[93m18[0m:[93m9[0m - [93mwarning[0m[90m ts(6385): [0m'ElementRef' is deprecated.

[7m18[0m   React.ElementRef<typeof ToggleGroupPrimitive.Root>,
[7m  [0m [93m        ~~~~~~~~~~[0m

[96msrc/components/ui/toggle.tsx[0m:[93m30[0m:[93m9[0m - [93mwarning[0m[90m ts(6385): [0m'ElementRef' is deprecated.

[7m30[0m   React.ElementRef<typeof TogglePrimitive.Root>,
[7m  [0m [93m        ~~~~~~~~~~[0m

[96msrc/components/ui/tooltip.tsx[0m:[93m15[0m:[93m9[0m - [93mwarning[0m[90m ts(6385): [0m'ElementRef' is deprecated.

[7m15[0m   React.ElementRef<typeof TooltipPrimitive.Content>,
[7m  [0m [93m        ~~~~~~~~~~[0m

[96msrc/config/providers.ts[0m:[93m210[0m:[93m13[0m - [93mwarning[0m[90m ts(6133): [0m'_exhaustive' is declared but its value is never read.

[7m210[0m       const _exhaustive: never = validatedEnv;
[7m   [0m [93m            ~~~~~~~~~~~[0m

[96msrc/hooks/useConnectionService.ts[0m:[93m230[0m:[93m7[0m - [93mwarning[0m[90m ts(6133): [0m'id' is declared but its value is never read.

[7m230[0m       id: Id<'connections'>,
[7m   [0m [93m      ~~[0m
[96msrc/hooks/useConnectionService.ts[0m:[93m206[0m:[93m7[0m - [93mwarning[0m[90m ts(6133): [0m'updates' is declared but its value is never read.

[7m206[0m       updates: Partial<CreateConnectionArgs>,
[7m   [0m [93m      ~~~~~~~[0m
[96msrc/hooks/useConnectionService.ts[0m:[93m205[0m:[93m7[0m - [93mwarning[0m[90m ts(6133): [0m'id' is declared but its value is never read.

[7m205[0m       id: Id<'connections'>,
[7m   [0m [93m      ~~[0m
[96msrc/hooks/useConnectionService.ts[0m:[93m181[0m:[93m7[0m - [93mwarning[0m[90m ts(6133): [0m'args' is declared but its value is never read.

[7m181[0m       args: CreateConnectionArgs,
[7m   [0m [93m      ~~~~[0m
[96msrc/hooks/useConnectionService.ts[0m:[93m157[0m:[93m7[0m - [93mwarning[0m[90m ts(6133): [0m'args' is declared but its value is never read.

[7m157[0m       args: GetRelatedArgs,
[7m   [0m [93m      ~~~~[0m
[96msrc/hooks/useConnectionService.ts[0m:[93m127[0m:[93m7[0m - [93mwarning[0m[90m ts(6133): [0m'args' is declared but its value is never read.

[7m127[0m       args: ListConnectionsArgs,
[7m   [0m [93m      ~~~~[0m

[96msrc/hooks/useDataProvider.tsx[0m:[93m8[0m:[93m8[0m - [93mwarning[0m[90m ts(6133): [0m'React' is declared but its value is never read.

[7m8[0m import React, { createContext, useContext, type ReactNode } from 'react';
[7m [0m [93m       ~~~~~[0m

[96msrc/hooks/useKnowledge.tsx[0m:[93m286[0m:[93m27[0m - [93mwarning[0m[90m ts(6133): [0m'category' is declared but its value is never read.

[7m286[0m export function useLabels(category?: string, queryOptions?: QueryOptions) {
[7m   [0m [93m                          ~~~~~~~~[0m

[96msrc/hooks/usePeople.tsx[0m:[93m324[0m:[93m24[0m - [93mwarning[0m[90m ts(6198): [0mAll destructured elements are unused.

[7m324[0m     mutationFn: async ({
[7m   [0m [93m                       ~[0m
[7m325[0m       email,
[7m   [0m [93m~~~~~~~~~~~~[0m
[7m...[0m 
[7m327[0m       role,
[7m   [0m [93m~~~~~~~~~~~[0m
[7m328[0m     }: {
[7m   [0m [93m~~~~~[0m
[96msrc/hooks/usePeople.tsx[0m:[93m320[0m:[93m9[0m - [93mwarning[0m[90m ts(6133): [0m'provider' is declared but its value is never read.

[7m320[0m   const provider = useDataProvider();
[7m   [0m [93m        ~~~~~~~~[0m
[96msrc/hooks/usePeople.tsx[0m:[93m72[0m:[93m9[0m - [93mwarning[0m[90m ts(6133): [0m'provider' is declared but its value is never read.

[7m72[0m   const provider = useDataProvider();
[7m  [0m [93m        ~~~~~~~~[0m

[96msrc/hooks/useThingService.ts[0m:[93m201[0m:[93m7[0m - [93mwarning[0m[90m ts(6133): [0m'id' is declared but its value is never read.

[7m201[0m       id: Id<'entities'>,
[7m   [0m [93m      ~~[0m
[96msrc/hooks/useThingService.ts[0m:[93m177[0m:[93m7[0m - [93mwarning[0m[90m ts(6133): [0m'args' is declared but its value is never read.

[7m177[0m       args: UpdateThingArgs,
[7m   [0m [93m      ~~~~[0m
[96msrc/hooks/useThingService.ts[0m:[93m153[0m:[93m7[0m - [93mwarning[0m[90m ts(6133): [0m'args' is declared but its value is never read.

[7m153[0m       args: CreateThingArgs,
[7m   [0m [93m      ~~~~[0m
[96msrc/hooks/useThingService.ts[0m:[93m129[0m:[93m7[0m - [93mwarning[0m[90m ts(6133): [0m'id' is declared but its value is never read.

[7m129[0m       id: Id<'entities'>,
[7m   [0m [93m      ~~[0m
[96msrc/hooks/useThingService.ts[0m:[93m96[0m:[93m7[0m - [93mwarning[0m[90m ts(6133): [0m'args' is declared but its value is never read.

[7m96[0m       args: ListThingsArgs,
[7m  [0m [93m      ~~~~[0m

[96msrc/hooks/useThings.tsx[0m:[93m11[0m:[93m27[0m - [93mwarning[0m[90m ts(6133): [0m'queryClient' is declared but its value is never read.

[7m11[0m import { useDataProvider, queryClient } from './useDataProvider';
[7m  [0m [93m                          ~~~~~~~~~~~[0m
[96msrc/hooks/useThings.tsx[0m:[93m8[0m:[93m10[0m - [93mwarning[0m[90m ts(6133): [0m'useCallback' is declared but its value is never read.

[7m8[0m import { useCallback, useEffect } from 'react';
[7m [0m [93m         ~~~~~~~~~~~[0m

[96msrc/layouts/Layout.astro[0m:[93m56[0m:[93m13[0m - [93mwarning[0m[90m astro(4000): [0mThis script will be treated as if it has the `is:inline` directive because it contains an attribute. Therefore, features that require processing (e.g. using TypeScript or npm packages in the script) are unavailable.

See docs for more details: https://docs.astro.build/en/guides/client-side-scripts/#script-processing.

Add the `is:inline` directive explicitly to silence this hint.

[7m56[0m     <script src="https://cdn.usal.dev/latest" defer></script>
[7m  [0m [93m            ~~~[0m

[96msrc/lib/utils/file-resolver.ts[0m:[93m122[0m:[93m11[0m - [93mwarning[0m[90m ts(6133): [0m'client' is declared but its value is never read.

[7m122[0m     const client = new ConvexHttpClient(
[7m   [0m [93m          ~~~~~~[0m
[96msrc/lib/utils/file-resolver.ts[0m:[93m119[0m:[93m35[0m - [93mwarning[0m[90m ts(6133): [0m'groupId' is declared but its value is never read.

[7m119[0m async function getParentGroupPath(groupId: GroupId): Promise<string | null> {
[7m   [0m [93m                                  ~~~~~~~[0m
[96msrc/lib/utils/file-resolver.ts[0m:[93m102[0m:[93m11[0m - [93mwarning[0m[90m ts(6133): [0m'client' is declared but its value is never read.

[7m102[0m     const client = new ConvexHttpClient(
[7m   [0m [93m          ~~~~~~[0m
[96msrc/lib/utils/file-resolver.ts[0m:[93m98[0m:[93m29[0m - [93mwarning[0m[90m ts(6133): [0m'groupId' is declared but its value is never read.

[7m98[0m async function getGroupPath(groupId: GroupId): Promise<string | null> {
[7m  [0m [93m                            ~~~~~~~[0m

[96msrc/pages/astro.astro[0m:[93m1079[0m:[93m14[0m - [93mwarning[0m[90m ts(6385): [0m'Github' is deprecated.

[7m1079[0m             <Github className="mr-2 h-5 w-5" />
[7m    [0m [93m             ~~~~~~[0m
[96msrc/pages/astro.astro[0m:[93m74[0m:[93m16[0m - [93mwarning[0m[90m ts(6385): [0m'Github' is deprecated.

[7m74[0m               <Github className="mr-2 h-5 w-5" />
[7m  [0m [93m               ~~~~~~[0m
[96msrc/pages/astro.astro[0m:[93m12[0m:[93m3[0m - [93mwarning[0m[90m ts(6385): [0m'Github' is deprecated.

[7m12[0m   Github,
[7m  [0m [93m  ~~~~~~[0m
[96msrc/pages/astro.astro[0m:[93m7[0m:[93m3[0m - [93mwarning[0m[90m ts(6133): [0m'Globe' is declared but its value is never read.

[7m7[0m   Globe,
[7m [0m [93m  ~~~~~[0m

[96msrc/pages/build-in-english.astro[0m:[93m31[0m:[93m3[0m - [93mwarning[0m[90m ts(6133): [0m'Bot' is declared but its value is never read.

[7m31[0m   Bot,
[7m  [0m [93m  ~~~[0m

[96msrc/pages/connections.astro[0m:[93m855[0m:[93m18[0m - [91merror[0m[90m ts(2322): [0mType '{ class: string; }' is not assignable to type 'IntrinsicAttributes & Omit<LucideProps, "ref"> & RefAttributes<SVGSVGElement>'.
  Property 'class' does not exist on type 'IntrinsicAttributes & Omit<LucideProps, "ref"> & RefAttributes<SVGSVGElement>'. Did you mean 'className'?

[7m855[0m           <Check class="h-5 w-5 text-primary" />
[7m   [0m [91m                 ~~~~~[0m
[96msrc/pages/connections.astro[0m:[93m851[0m:[93m18[0m - [91merror[0m[90m ts(2322): [0mType '{ class: string; }' is not assignable to type 'IntrinsicAttributes & Omit<LucideProps, "ref"> & RefAttributes<SVGSVGElement>'.
  Property 'class' does not exist on type 'IntrinsicAttributes & Omit<LucideProps, "ref"> & RefAttributes<SVGSVGElement>'. Did you mean 'className'?

[7m851[0m           <Check class="h-5 w-5 text-primary" />
[7m   [0m [91m                 ~~~~~[0m
[96msrc/pages/connections.astro[0m:[93m847[0m:[93m18[0m - [91merror[0m[90m ts(2322): [0mType '{ class: string; }' is not assignable to type 'IntrinsicAttributes & Omit<LucideProps, "ref"> & RefAttributes<SVGSVGElement>'.
  Property 'class' does not exist on type 'IntrinsicAttributes & Omit<LucideProps, "ref"> & RefAttributes<SVGSVGElement>'. Did you mean 'className'?

[7m847[0m           <Check class="h-5 w-5 text-primary" />
[7m   [0m [91m                 ~~~~~[0m
[96msrc/pages/connections.astro[0m:[93m840[0m:[93m20[0m - [91merror[0m[90m ts(2322): [0mType '{ class: string; }' is not assignable to type 'IntrinsicAttributes & Omit<LucideProps, "ref"> & RefAttributes<SVGSVGElement>'.
  Property 'class' does not exist on type 'IntrinsicAttributes & Omit<LucideProps, "ref"> & RefAttributes<SVGSVGElement>'. Did you mean 'className'?

[7m840[0m             <Globe class="ml-2 h-5 w-5" />
[7m   [0m [91m                   ~~~~~[0m
[96msrc/pages/connections.astro[0m:[93m838[0m:[93m47[0m - [91merror[0m[90m ts(2322): [0mType '{ children: any[]; variant: "outline"; size: "lg"; class: string; }' is not assignable to type 'IntrinsicAttributes & ButtonProps & RefAttributes<HTMLButtonElement>'.
  Property 'class' does not exist on type 'IntrinsicAttributes & ButtonProps & RefAttributes<HTMLButtonElement>'. Did you mean 'className'?

[7m838[0m           <Button variant="outline" size="lg" class="h-14 w-full sm:w-auto px-12 text-lg font-bold">
[7m   [0m [91m                                              ~~~~~[0m
[96msrc/pages/connections.astro[0m:[93m834[0m:[93m25[0m - [91merror[0m[90m ts(2322): [0mType '{ class: string; }' is not assignable to type 'IntrinsicAttributes & Omit<LucideProps, "ref"> & RefAttributes<SVGSVGElement>'.
  Property 'class' does not exist on type 'IntrinsicAttributes & Omit<LucideProps, "ref"> & RefAttributes<SVGSVGElement>'. Did you mean 'className'?

[7m834[0m             <ArrowRight class="ml-2 h-5 w-5" />
[7m   [0m [91m                        ~~~~~[0m
[96msrc/pages/connections.astro[0m:[93m832[0m:[93m29[0m - [91merror[0m[90m ts(2322): [0mType '{ children: any[]; size: "lg"; class: string; }' is not assignable to type 'IntrinsicAttributes & ButtonProps & RefAttributes<HTMLButtonElement>'.
  Property 'class' does not exist on type 'IntrinsicAttributes & ButtonProps & RefAttributes<HTMLButtonElement>'. Did you mean 'className'?

[7m832[0m           <Button size="lg" class="h-14 w-full sm:w-auto px-12 text-lg font-bold shadow-xl shadow-primary/30">
[7m   [0m [91m                            ~~~~~[0m
[96msrc/pages/connections.astro[0m:[93m800[0m:[93m30[0m - [91merror[0m[90m ts(2322): [0mType '{ children: string; class: string; }' is not assignable to type 'IntrinsicAttributes & HTMLAttributes<HTMLDivElement> & RefAttributes<HTMLDivElement>'.
  Property 'class' does not exist on type 'IntrinsicAttributes & HTMLAttributes<HTMLDivElement> & RefAttributes<HTMLDivElement>'. Did you mean 'className'?

[7m800[0m             <CardDescription class="leading-relaxed">
[7m   [0m [91m                             ~~~~~[0m
[96msrc/pages/connections.astro[0m:[93m799[0m:[93m24[0m - [91merror[0m[90m ts(2322): [0mType '{ children: string; class: string; }' is not assignable to type 'IntrinsicAttributes & HTMLAttributes<HTMLDivElement> & RefAttributes<HTMLDivElement>'.
  Property 'class' does not exist on type 'IntrinsicAttributes & HTMLAttributes<HTMLDivElement> & RefAttributes<HTMLDivElement>'. Did you mean 'className'?

[7m799[0m             <CardTitle class="text-xl">Future-Proof</CardTitle>
[7m   [0m [91m                       ~~~~~[0m
[96msrc/pages/connections.astro[0m:[93m797[0m:[93m22[0m - [91merror[0m[90m ts(2322): [0mType '{ class: string; }' is not assignable to type 'IntrinsicAttributes & Omit<LucideProps, "ref"> & RefAttributes<SVGSVGElement>'.
  Property 'class' does not exist on type 'IntrinsicAttributes & Omit<LucideProps, "ref"> & RefAttributes<SVGSVGElement>'. Did you mean 'className'?

[7m797[0m               <Check class="h-6 w-6 text-primary" />
[7m   [0m [91m                     ~~~~~[0m
[96msrc/pages/connections.astro[0m:[93m795[0m:[93m23[0m - [91merror[0m[90m ts(2322): [0mType '{ children: any[]; class: string; }' is not assignable to type 'IntrinsicAttributes & HTMLAttributes<HTMLDivElement> & RefAttributes<HTMLDivElement>'.
  Property 'class' does not exist on type 'IntrinsicAttributes & HTMLAttributes<HTMLDivElement> & RefAttributes<HTMLDivElement>'. Did you mean 'className'?

[7m795[0m           <CardHeader class="space-y-3">
[7m   [0m [91m                      ~~~~~[0m
[96msrc/pages/connections.astro[0m:[93m794[0m:[93m15[0m - [91merror[0m[90m ts(2322): [0mType '{ children: any; class: string; }' is not assignable to type 'IntrinsicAttributes & HTMLAttributes<HTMLDivElement> & RefAttributes<HTMLDivElement>'.
  Property 'class' does not exist on type 'IntrinsicAttributes & HTMLAttributes<HTMLDivElement> & RefAttributes<HTMLDivElement>'. Did you mean 'className'?

[7m794[0m         <Card class="border-border/50 bg-card/50 backdrop-blur">
[7m   [0m [91m              ~~~~~[0m
[96msrc/pages/connections.astro[0m:[93m788[0m:[93m30[0m - [91merror[0m[90m ts(2322): [0mType '{ children: string; class: string; }' is not assignable to type 'IntrinsicAttributes & HTMLAttributes<HTMLDivElement> & RefAttributes<HTMLDivElement>'.
  Property 'class' does not exist on type 'IntrinsicAttributes & HTMLAttributes<HTMLDivElement> & RefAttributes<HTMLDivElement>'. Did you mean 'className'?

[7m788[0m             <CardDescription class="leading-relaxed">
[7m   [0m [91m                             ~~~~~[0m
[96msrc/pages/connections.astro[0m:[93m787[0m:[93m24[0m - [91merror[0m[90m ts(2322): [0mType '{ children: string; class: string; }' is not assignable to type 'IntrinsicAttributes & HTMLAttributes<HTMLDivElement> & RefAttributes<HTMLDivElement>'.
  Property 'class' does not exist on type 'IntrinsicAttributes & HTMLAttributes<HTMLDivElement> & RefAttributes<HTMLDivElement>'. Did you mean 'className'?

[7m787[0m             <CardTitle class="text-xl">Ontology-First Design</CardTitle>
[7m   [0m [91m                       ~~~~~[0m
[96msrc/pages/connections.astro[0m:[93m785[0m:[93m23[0m - [91merror[0m[90m ts(2322): [0mType '{ class: string; }' is not assignable to type 'IntrinsicAttributes & Omit<LucideProps, "ref"> & RefAttributes<SVGSVGElement>'.
  Property 'class' does not exist on type 'IntrinsicAttributes & Omit<LucideProps, "ref"> & RefAttributes<SVGSVGElement>'. Did you mean 'className'?

[7m785[0m               <Layers class="h-6 w-6 text-primary" />
[7m   [0m [91m                      ~~~~~[0m
[96msrc/pages/connections.astro[0m:[93m783[0m:[93m23[0m - [91merror[0m[90m ts(2322): [0mType '{ children: any[]; class: string; }' is not assignable to type 'IntrinsicAttributes & HTMLAttributes<HTMLDivElement> & RefAttributes<HTMLDivElement>'.
  Property 'class' does not exist on type 'IntrinsicAttributes & HTMLAttributes<HTMLDivElement> & RefAttributes<HTMLDivElement>'. Did you mean 'className'?

[7m783[0m           <CardHeader class="space-y-3">
[7m   [0m [91m                      ~~~~~[0m
[96msrc/pages/connections.astro[0m:[93m782[0m:[93m15[0m - [91merror[0m[90m ts(2322): [0mType '{ children: any; class: string; }' is not assignable to type 'IntrinsicAttributes & HTMLAttributes<HTMLDivElement> & RefAttributes<HTMLDivElement>'.
  Property 'class' does not exist on type 'IntrinsicAttributes & HTMLAttributes<HTMLDivElement> & RefAttributes<HTMLDivElement>'. Did you mean 'className'?

[7m782[0m         <Card class="border-border/50 bg-card/50 backdrop-blur">
[7m   [0m [91m              ~~~~~[0m
[96msrc/pages/connections.astro[0m:[93m776[0m:[93m30[0m - [91merror[0m[90m ts(2322): [0mType '{ children: string; class: string; }' is not assignable to type 'IntrinsicAttributes & HTMLAttributes<HTMLDivElement> & RefAttributes<HTMLDivElement>'.
  Property 'class' does not exist on type 'IntrinsicAttributes & HTMLAttributes<HTMLDivElement> & RefAttributes<HTMLDivElement>'. Did you mean 'className'?

[7m776[0m             <CardDescription class="leading-relaxed">
[7m   [0m [91m                             ~~~~~[0m
[96msrc/pages/connections.astro[0m:[93m775[0m:[93m24[0m - [91merror[0m[90m ts(2322): [0mType '{ children: string; class: string; }' is not assignable to type 'IntrinsicAttributes & HTMLAttributes<HTMLDivElement> & RefAttributes<HTMLDivElement>'.
  Property 'class' does not exist on type 'IntrinsicAttributes & HTMLAttributes<HTMLDivElement> & RefAttributes<HTMLDivElement>'. Did you mean 'className'?

[7m775[0m             <CardTitle class="text-xl">Ecosystem Amplification</CardTitle>
[7m   [0m [91m                       ~~~~~[0m
[96msrc/pages/connections.astro[0m:[93m773[0m:[93m24[0m - [91merror[0m[90m ts(2322): [0mType '{ class: string; }' is not assignable to type 'IntrinsicAttributes & Omit<LucideProps, "ref"> & RefAttributes<SVGSVGElement>'.
  Property 'class' does not exist on type 'IntrinsicAttributes & Omit<LucideProps, "ref"> & RefAttributes<SVGSVGElement>'. Did you mean 'className'?

[7m773[0m               <Network class="h-6 w-6 text-primary" />
[7m   [0m [91m                       ~~~~~[0m
[96msrc/pages/connections.astro[0m:[93m771[0m:[93m23[0m - [91merror[0m[90m ts(2322): [0mType '{ children: any[]; class: string; }' is not assignable to type 'IntrinsicAttributes & HTMLAttributes<HTMLDivElement> & RefAttributes<HTMLDivElement>'.
  Property 'class' does not exist on type 'IntrinsicAttributes & HTMLAttributes<HTMLDivElement> & RefAttributes<HTMLDivElement>'. Did you mean 'className'?

[7m771[0m           <CardHeader class="space-y-3">
[7m   [0m [91m                      ~~~~~[0m
[96msrc/pages/connections.astro[0m:[93m770[0m:[93m15[0m - [91merror[0m[90m ts(2322): [0mType '{ children: any; class: string; }' is not assignable to type 'IntrinsicAttributes & HTMLAttributes<HTMLDivElement> & RefAttributes<HTMLDivElement>'.
  Property 'class' does not exist on type 'IntrinsicAttributes & HTMLAttributes<HTMLDivElement> & RefAttributes<HTMLDivElement>'. Did you mean 'className'?

[7m770[0m         <Card class="border-border/50 bg-card/50 backdrop-blur">
[7m   [0m [91m              ~~~~~[0m
[96msrc/pages/connections.astro[0m:[93m764[0m:[93m30[0m - [91merror[0m[90m ts(2322): [0mType '{ children: string; class: string; }' is not assignable to type 'IntrinsicAttributes & HTMLAttributes<HTMLDivElement> & RefAttributes<HTMLDivElement>'.
  Property 'class' does not exist on type 'IntrinsicAttributes & HTMLAttributes<HTMLDivElement> & RefAttributes<HTMLDivElement>'. Did you mean 'className'?

[7m764[0m             <CardDescription class="leading-relaxed">
[7m   [0m [91m                             ~~~~~[0m
[96msrc/pages/connections.astro[0m:[93m763[0m:[93m24[0m - [91merror[0m[90m ts(2322): [0mType '{ children: string; class: string; }' is not assignable to type 'IntrinsicAttributes & HTMLAttributes<HTMLDivElement> & RefAttributes<HTMLDivElement>'.
  Property 'class' does not exist on type 'IntrinsicAttributes & HTMLAttributes<HTMLDivElement> & RefAttributes<HTMLDivElement>'. Did you mean 'className'?

[7m763[0m             <CardTitle class="text-xl">Zero Integration Cost</CardTitle>
[7m   [0m [91m                       ~~~~~[0m
[96msrc/pages/connections.astro[0m:[93m761[0m:[93m20[0m - [91merror[0m[90m ts(2322): [0mType '{ class: string; }' is not assignable to type 'IntrinsicAttributes & Omit<LucideProps, "ref"> & RefAttributes<SVGSVGElement>'.
  Property 'class' does not exist on type 'IntrinsicAttributes & Omit<LucideProps, "ref"> & RefAttributes<SVGSVGElement>'. Did you mean 'className'?

[7m761[0m               <Zap class="h-6 w-6 text-primary" />
[7m   [0m [91m                   ~~~~~[0m
[96msrc/pages/connections.astro[0m:[93m759[0m:[93m23[0m - [91merror[0m[90m ts(2322): [0mType '{ children: any[]; class: string; }' is not assignable to type 'IntrinsicAttributes & HTMLAttributes<HTMLDivElement> & RefAttributes<HTMLDivElement>'.
  Property 'class' does not exist on type 'IntrinsicAttributes & HTMLAttributes<HTMLDivElement> & RefAttributes<HTMLDivElement>'. Did you mean 'className'?

[7m759[0m           <CardHeader class="space-y-3">
[7m   [0m [91m                      ~~~~~[0m
[96msrc/pages/connections.astro[0m:[93m758[0m:[93m15[0m - [91merror[0m[90m ts(2322): [0mType '{ children: any; class: string; }' is not assignable to type 'IntrinsicAttributes & HTMLAttributes<HTMLDivElement> & RefAttributes<HTMLDivElement>'.
  Property 'class' does not exist on type 'IntrinsicAttributes & HTMLAttributes<HTMLDivElement> & RefAttributes<HTMLDivElement>'. Did you mean 'className'?

[7m758[0m         <Card class="border-border/50 bg-card/50 backdrop-blur">
[7m   [0m [91m              ~~~~~[0m
[96msrc/pages/connections.astro[0m:[93m752[0m:[93m30[0m - [91merror[0m[90m ts(2322): [0mType '{ children: string; class: string; }' is not assignable to type 'IntrinsicAttributes & HTMLAttributes<HTMLDivElement> & RefAttributes<HTMLDivElement>'.
  Property 'class' does not exist on type 'IntrinsicAttributes & HTMLAttributes<HTMLDivElement> & RefAttributes<HTMLDivElement>'. Did you mean 'className'?

[7m752[0m             <CardDescription class="leading-relaxed">
[7m   [0m [91m                             ~~~~~[0m
[96msrc/pages/connections.astro[0m:[93m751[0m:[93m24[0m - [91merror[0m[90m ts(2322): [0mType '{ children: string; class: string; }' is not assignable to type 'IntrinsicAttributes & HTMLAttributes<HTMLDivElement> & RefAttributes<HTMLDivElement>'.
  Property 'class' does not exist on type 'IntrinsicAttributes & HTMLAttributes<HTMLDivElement> & RefAttributes<HTMLDivElement>'. Did you mean 'className'?

[7m751[0m             <CardTitle class="text-xl">Type-Safe & Secure</CardTitle>
[7m   [0m [91m                       ~~~~~[0m
[96msrc/pages/connections.astro[0m:[93m749[0m:[93m23[0m - [91merror[0m[90m ts(2322): [0mType '{ class: string; }' is not assignable to type 'IntrinsicAttributes & Omit<LucideProps, "ref"> & RefAttributes<SVGSVGElement>'.
  Property 'class' does not exist on type 'IntrinsicAttributes & Omit<LucideProps, "ref"> & RefAttributes<SVGSVGElement>'. Did you mean 'className'?

[7m749[0m               <Shield class="h-6 w-6 text-primary" />
[7m   [0m [91m                      ~~~~~[0m
[96msrc/pages/connections.astro[0m:[93m747[0m:[93m23[0m - [91merror[0m[90m ts(2322): [0mType '{ children: any[]; class: string; }' is not assignable to type 'IntrinsicAttributes & HTMLAttributes<HTMLDivElement> & RefAttributes<HTMLDivElement>'.
  Property 'class' does not exist on type 'IntrinsicAttributes & HTMLAttributes<HTMLDivElement> & RefAttributes<HTMLDivElement>'. Did you mean 'className'?

[7m747[0m           <CardHeader class="space-y-3">
[7m   [0m [91m                      ~~~~~[0m
[96msrc/pages/connections.astro[0m:[93m746[0m:[93m15[0m - [91merror[0m[90m ts(2322): [0mType '{ children: any; class: string; }' is not assignable to type 'IntrinsicAttributes & HTMLAttributes<HTMLDivElement> & RefAttributes<HTMLDivElement>'.
  Property 'class' does not exist on type 'IntrinsicAttributes & HTMLAttributes<HTMLDivElement> & RefAttributes<HTMLDivElement>'. Did you mean 'className'?

[7m746[0m         <Card class="border-border/50 bg-card/50 backdrop-blur">
[7m   [0m [91m              ~~~~~[0m
[96msrc/pages/connections.astro[0m:[93m740[0m:[93m30[0m - [91merror[0m[90m ts(2322): [0mType '{ children: string; class: string; }' is not assignable to type 'IntrinsicAttributes & HTMLAttributes<HTMLDivElement> & RefAttributes<HTMLDivElement>'.
  Property 'class' does not exist on type 'IntrinsicAttributes & HTMLAttributes<HTMLDivElement> & RefAttributes<HTMLDivElement>'. Did you mean 'className'?

[7m740[0m             <CardDescription class="leading-relaxed">
[7m   [0m [91m                             ~~~~~[0m
[96msrc/pages/connections.astro[0m:[93m739[0m:[93m24[0m - [91merror[0m[90m ts(2322): [0mType '{ children: string; class: string; }' is not assignable to type 'IntrinsicAttributes & HTMLAttributes<HTMLDivElement> & RefAttributes<HTMLDivElement>'.
  Property 'class' does not exist on type 'IntrinsicAttributes & HTMLAttributes<HTMLDivElement> & RefAttributes<HTMLDivElement>'. Did you mean 'className'?

[7m739[0m             <CardTitle class="text-xl">Universal Interoperability</CardTitle>
[7m   [0m [91m                       ~~~~~[0m
[96msrc/pages/connections.astro[0m:[93m737[0m:[93m22[0m - [91merror[0m[90m ts(2322): [0mType '{ class: string; }' is not assignable to type 'IntrinsicAttributes & Omit<LucideProps, "ref"> & RefAttributes<SVGSVGElement>'.
  Property 'class' does not exist on type 'IntrinsicAttributes & Omit<LucideProps, "ref"> & RefAttributes<SVGSVGElement>'. Did you mean 'className'?

[7m737[0m               <Globe class="h-6 w-6 text-primary" />
[7m   [0m [91m                     ~~~~~[0m
[96msrc/pages/connections.astro[0m:[93m735[0m:[93m23[0m - [91merror[0m[90m ts(2322): [0mType '{ children: any[]; class: string; }' is not assignable to type 'IntrinsicAttributes & HTMLAttributes<HTMLDivElement> & RefAttributes<HTMLDivElement>'.
  Property 'class' does not exist on type 'IntrinsicAttributes & HTMLAttributes<HTMLDivElement> & RefAttributes<HTMLDivElement>'. Did you mean 'className'?

[7m735[0m           <CardHeader class="space-y-3">
[7m   [0m [91m                      ~~~~~[0m
[96msrc/pages/connections.astro[0m:[93m734[0m:[93m15[0m - [91merror[0m[90m ts(2322): [0mType '{ children: any; class: string; }' is not assignable to type 'IntrinsicAttributes & HTMLAttributes<HTMLDivElement> & RefAttributes<HTMLDivElement>'.
  Property 'class' does not exist on type 'IntrinsicAttributes & HTMLAttributes<HTMLDivElement> & RefAttributes<HTMLDivElement>'. Did you mean 'className'?

[7m734[0m         <Card class="border-border/50 bg-card/50 backdrop-blur">
[7m   [0m [91m              ~~~~~[0m
[96msrc/pages/connections.astro[0m:[93m655[0m:[93m42[0m - [91merror[0m[90m ts(2322): [0mType '{ children: string; variant: "secondary"; class: string; }' is not assignable to type 'IntrinsicAttributes & BadgeProps'.
  Property 'class' does not exist on type 'IntrinsicAttributes & BadgeProps'. Did you mean 'className'?

[7m655[0m               <Badge variant="secondary" class="text-xs">X402</Badge>
[7m   [0m [91m                                         ~~~~~[0m
[96msrc/pages/connections.astro[0m:[93m647[0m:[93m42[0m - [91merror[0m[90m ts(2322): [0mType '{ children: string; variant: "secondary"; class: string; }' is not assignable to type 'IntrinsicAttributes & BadgeProps'.
  Property 'class' does not exist on type 'IntrinsicAttributes & BadgeProps'. Did you mean 'className'?

[7m647[0m               <Badge variant="secondary" class="text-xs">AP2</Badge>
[7m   [0m [91m                                         ~~~~~[0m
[96msrc/pages/connections.astro[0m:[93m639[0m:[93m42[0m - [91merror[0m[90m ts(2322): [0mType '{ children: string; variant: "secondary"; class: string; }' is not assignable to type 'IntrinsicAttributes & BadgeProps'.
  Property 'class' does not exist on type 'IntrinsicAttributes & BadgeProps'. Did you mean 'className'?

[7m639[0m               <Badge variant="secondary" class="text-xs">AG-UI</Badge>
[7m   [0m [91m                                         ~~~~~[0m
[96msrc/pages/connections.astro[0m:[93m631[0m:[93m42[0m - [91merror[0m[90m ts(2322): [0mType '{ children: string; variant: "secondary"; class: string; }' is not assignable to type 'IntrinsicAttributes & BadgeProps'.
  Property 'class' does not exist on type 'IntrinsicAttributes & BadgeProps'. Did you mean 'className'?

[7m631[0m               <Badge variant="secondary" class="text-xs">A2A</Badge>
[7m   [0m [91m                                         ~~~~~[0m
[96msrc/pages/connections.astro[0m:[93m623[0m:[93m42[0m - [91merror[0m[90m ts(2322): [0mType '{ children: string; variant: "secondary"; class: string; }' is not assignable to type 'IntrinsicAttributes & BadgeProps'.
  Property 'class' does not exist on type 'IntrinsicAttributes & BadgeProps'. Did you mean 'className'?

[7m623[0m               <Badge variant="secondary" class="text-xs">ACP</Badge>
[7m   [0m [91m                                         ~~~~~[0m
[96msrc/pages/connections.astro[0m:[93m615[0m:[93m42[0m - [91merror[0m[90m ts(2322): [0mType '{ children: string; variant: "secondary"; class: string; }' is not assignable to type 'IntrinsicAttributes & BadgeProps'.
  Property 'class' does not exist on type 'IntrinsicAttributes & BadgeProps'. Did you mean 'className'?

[7m615[0m               <Badge variant="secondary" class="text-xs">MCP</Badge>
[7m   [0m [91m                                         ~~~~~[0m
[96msrc/pages/connections.astro[0m:[93m581[0m:[93m30[0m - [91merror[0m[90m ts(2322): [0mType '{ children: string; class: string; }' is not assignable to type 'IntrinsicAttributes & HTMLAttributes<HTMLDivElement> & RefAttributes<HTMLDivElement>'.
  Property 'class' does not exist on type 'IntrinsicAttributes & HTMLAttributes<HTMLDivElement> & RefAttributes<HTMLDivElement>'. Did you mean 'className'?

[7m581[0m                   <CardTitle class="text-lg">AG-UI - Components</CardTitle>
[7m   [0m [91m                             ~~~~~[0m
[96msrc/pages/connections.astro[0m:[93m578[0m:[93m26[0m - [91merror[0m[90m ts(2322): [0mType '{ class: string; }' is not assignable to type 'IntrinsicAttributes & Omit<LucideProps, "ref"> & RefAttributes<SVGSVGElement>'.
  Property 'class' does not exist on type 'IntrinsicAttributes & Omit<LucideProps, "ref"> & RefAttributes<SVGSVGElement>'. Did you mean 'className'?

[7m578[0m                   <Link2 class="h-5 w-5 text-primary" />
[7m   [0m [91m                         ~~~~~[0m
[96msrc/pages/connections.astro[0m:[93m575[0m:[93m25[0m - [91merror[0m[90m ts(2322): [0mType '{ children: any; class: string; }' is not assignable to type 'IntrinsicAttributes & HTMLAttributes<HTMLDivElement> & RefAttributes<HTMLDivElement>'.
  Property 'class' does not exist on type 'IntrinsicAttributes & HTMLAttributes<HTMLDivElement> & RefAttributes<HTMLDivElement>'. Did you mean 'className'?

[7m575[0m             <CardHeader class="space-y-3">
[7m   [0m [91m                        ~~~~~[0m
[96msrc/pages/connections.astro[0m:[93m574[0m:[93m17[0m - [91merror[0m[90m ts(2322): [0mType '{ children: any[]; class: string; }' is not assignable to type 'IntrinsicAttributes & HTMLAttributes<HTMLDivElement> & RefAttributes<HTMLDivElement>'.
  Property 'class' does not exist on type 'IntrinsicAttributes & HTMLAttributes<HTMLDivElement> & RefAttributes<HTMLDivElement>'. Did you mean 'className'?

[7m574[0m           <Card class="border-border/50 bg-card/50 backdrop-blur">
[7m   [0m [91m                ~~~~~[0m
[96msrc/pages/connections.astro[0m:[93m554[0m:[93m30[0m - [91merror[0m[90m ts(2322): [0mType '{ children: string; class: string; }' is not assignable to type 'IntrinsicAttributes & HTMLAttributes<HTMLDivElement> & RefAttributes<HTMLDivElement>'.
  Property 'class' does not exist on type 'IntrinsicAttributes & HTMLAttributes<HTMLDivElement> & RefAttributes<HTMLDivElement>'. Did you mean 'className'?

[7m554[0m                   <CardTitle class="text-lg">X402 - Micropayments</CardTitle>
[7m   [0m [91m                             ~~~~~[0m
[96msrc/pages/connections.astro[0m:[93m551[0m:[93m27[0m - [91merror[0m[90m ts(2322): [0mType '{ class: string; }' is not assignable to type 'IntrinsicAttributes & Omit<LucideProps, "ref"> & RefAttributes<SVGSVGElement>'.
  Property 'class' does not exist on type 'IntrinsicAttributes & Omit<LucideProps, "ref"> & RefAttributes<SVGSVGElement>'. Did you mean 'className'?

[7m551[0m                   <Wallet class="h-5 w-5 text-primary" />
[7m   [0m [91m                          ~~~~~[0m
[96msrc/pages/connections.astro[0m:[93m548[0m:[93m25[0m - [91merror[0m[90m ts(2322): [0mType '{ children: any; class: string; }' is not assignable to type 'IntrinsicAttributes & HTMLAttributes<HTMLDivElement> & RefAttributes<HTMLDivElement>'.
  Property 'class' does not exist on type 'IntrinsicAttributes & HTMLAttributes<HTMLDivElement> & RefAttributes<HTMLDivElement>'. Did you mean 'className'?

[7m548[0m             <CardHeader class="space-y-3">
[7m   [0m [91m                        ~~~~~[0m
[96msrc/pages/connections.astro[0m:[93m547[0m:[93m17[0m - [91merror[0m[90m ts(2322): [0mType '{ children: any[]; class: string; }' is not assignable to type 'IntrinsicAttributes & HTMLAttributes<HTMLDivElement> & RefAttributes<HTMLDivElement>'.
  Property 'class' does not exist on type 'IntrinsicAttributes & HTMLAttributes<HTMLDivElement> & RefAttributes<HTMLDivElement>'. Did you mean 'className'?

[7m547[0m           <Card class="border-border/50 bg-card/50 backdrop-blur">
[7m   [0m [91m                ~~~~~[0m
[96msrc/pages/connections.astro[0m:[93m524[0m:[93m30[0m - [91merror[0m[90m ts(2322): [0mType '{ children: string; class: string; }' is not assignable to type 'IntrinsicAttributes & HTMLAttributes<HTMLDivElement> & RefAttributes<HTMLDivElement>'.
  Property 'class' does not exist on type 'IntrinsicAttributes & HTMLAttributes<HTMLDivElement> & RefAttributes<HTMLDivElement>'. Did you mean 'className'?

[7m524[0m                   <CardTitle class="text-lg">AP2 - Mandates</CardTitle>
[7m   [0m [91m                             ~~~~~[0m
[96msrc/pages/connections.astro[0m:[93m521[0m:[93m31[0m - [91merror[0m[90m ts(2322): [0mType '{ class: string; }' is not assignable to type 'IntrinsicAttributes & Omit<LucideProps, "ref"> & RefAttributes<SVGSVGElement>'.
  Property 'class' does not exist on type 'IntrinsicAttributes & Omit<LucideProps, "ref"> & RefAttributes<SVGSVGElement>'. Did you mean 'className'?

[7m521[0m                   <DollarSign class="h-5 w-5 text-primary" />
[7m   [0m [91m                              ~~~~~[0m
[96msrc/pages/connections.astro[0m:[93m518[0m:[93m25[0m - [91merror[0m[90m ts(2322): [0mType '{ children: any; class: string; }' is not assignable to type 'IntrinsicAttributes & HTMLAttributes<HTMLDivElement> & RefAttributes<HTMLDivElement>'.
  Property 'class' does not exist on type 'IntrinsicAttributes & HTMLAttributes<HTMLDivElement> & RefAttributes<HTMLDivElement>'. Did you mean 'className'?

[7m518[0m             <CardHeader class="space-y-3">
[7m   [0m [91m                        ~~~~~[0m
[96msrc/pages/connections.astro[0m:[93m517[0m:[93m17[0m - [91merror[0m[90m ts(2322): [0mType '{ children: any[]; class: string; }' is not assignable to type 'IntrinsicAttributes & HTMLAttributes<HTMLDivElement> & RefAttributes<HTMLDivElement>'.
  Property 'class' does not exist on type 'IntrinsicAttributes & HTMLAttributes<HTMLDivElement> & RefAttributes<HTMLDivElement>'. Did you mean 'className'?

[7m517[0m           <Card class="border-border/50 bg-card/50 backdrop-blur">
[7m   [0m [91m                ~~~~~[0m
[96msrc/pages/connections.astro[0m:[93m497[0m:[93m30[0m - [91merror[0m[90m ts(2322): [0mType '{ children: string; class: string; }' is not assignable to type 'IntrinsicAttributes & HTMLAttributes<HTMLDivElement> & RefAttributes<HTMLDivElement>'.
  Property 'class' does not exist on type 'IntrinsicAttributes & HTMLAttributes<HTMLDivElement> & RefAttributes<HTMLDivElement>'. Did you mean 'className'?

[7m497[0m                   <CardTitle class="text-lg">A2A - Task Delegation</CardTitle>
[7m   [0m [91m                             ~~~~~[0m
[96msrc/pages/connections.astro[0m:[93m494[0m:[93m24[0m - [91merror[0m[90m ts(2322): [0mType '{ class: string; }' is not assignable to type 'IntrinsicAttributes & Omit<LucideProps, "ref"> & RefAttributes<SVGSVGElement>'.
  Property 'class' does not exist on type 'IntrinsicAttributes & Omit<LucideProps, "ref"> & RefAttributes<SVGSVGElement>'. Did you mean 'className'?

[7m494[0m                   <Bot class="h-5 w-5 text-primary" />
[7m   [0m [91m                       ~~~~~[0m
[96msrc/pages/connections.astro[0m:[93m491[0m:[93m25[0m - [91merror[0m[90m ts(2322): [0mType '{ children: any; class: string; }' is not assignable to type 'IntrinsicAttributes & HTMLAttributes<HTMLDivElement> & RefAttributes<HTMLDivElement>'.
  Property 'class' does not exist on type 'IntrinsicAttributes & HTMLAttributes<HTMLDivElement> & RefAttributes<HTMLDivElement>'. Did you mean 'className'?

[7m491[0m             <CardHeader class="space-y-3">
[7m   [0m [91m                        ~~~~~[0m
[96msrc/pages/connections.astro[0m:[93m490[0m:[93m17[0m - [91merror[0m[90m ts(2322): [0mType '{ children: any[]; class: string; }' is not assignable to type 'IntrinsicAttributes & HTMLAttributes<HTMLDivElement> & RefAttributes<HTMLDivElement>'.
  Property 'class' does not exist on type 'IntrinsicAttributes & HTMLAttributes<HTMLDivElement> & RefAttributes<HTMLDivElement>'. Did you mean 'className'?

[7m490[0m           <Card class="border-border/50 bg-card/50 backdrop-blur">
[7m   [0m [91m                ~~~~~[0m
[96msrc/pages/connections.astro[0m:[93m466[0m:[93m30[0m - [91merror[0m[90m ts(2322): [0mType '{ children: string; class: string; }' is not assignable to type 'IntrinsicAttributes & HTMLAttributes<HTMLDivElement> & RefAttributes<HTMLDivElement>'.
  Property 'class' does not exist on type 'IntrinsicAttributes & HTMLAttributes<HTMLDivElement> & RefAttributes<HTMLDivElement>'. Did you mean 'className'?

[7m466[0m                   <CardTitle class="text-lg">MCP - Context Access</CardTitle>
[7m   [0m [91m                             ~~~~~[0m
[96msrc/pages/connections.astro[0m:[93m463[0m:[93m26[0m - [91merror[0m[90m ts(2322): [0mType '{ class: string; }' is not assignable to type 'IntrinsicAttributes & Omit<LucideProps, "ref"> & RefAttributes<SVGSVGElement>'.
  Property 'class' does not exist on type 'IntrinsicAttributes & Omit<LucideProps, "ref"> & RefAttributes<SVGSVGElement>'. Did you mean 'className'?

[7m463[0m                   <Globe class="h-5 w-5 text-primary" />
[7m   [0m [91m                         ~~~~~[0m
[96msrc/pages/connections.astro[0m:[93m460[0m:[93m25[0m - [91merror[0m[90m ts(2322): [0mType '{ children: any; class: string; }' is not assignable to type 'IntrinsicAttributes & HTMLAttributes<HTMLDivElement> & RefAttributes<HTMLDivElement>'.
  Property 'class' does not exist on type 'IntrinsicAttributes & HTMLAttributes<HTMLDivElement> & RefAttributes<HTMLDivElement>'. Did you mean 'className'?

[7m460[0m             <CardHeader class="space-y-3">
[7m   [0m [91m                        ~~~~~[0m
[96msrc/pages/connections.astro[0m:[93m459[0m:[93m17[0m - [91merror[0m[90m ts(2322): [0mType '{ children: any[]; class: string; }' is not assignable to type 'IntrinsicAttributes & HTMLAttributes<HTMLDivElement> & RefAttributes<HTMLDivElement>'.
  Property 'class' does not exist on type 'IntrinsicAttributes & HTMLAttributes<HTMLDivElement> & RefAttributes<HTMLDivElement>'. Did you mean 'className'?

[7m459[0m           <Card class="border-border/50 bg-card/50 backdrop-blur">
[7m   [0m [91m                ~~~~~[0m
[96msrc/pages/connections.astro[0m:[93m438[0m:[93m30[0m - [91merror[0m[90m ts(2322): [0mType '{ children: string; class: string; }' is not assignable to type 'IntrinsicAttributes & HTMLAttributes<HTMLDivElement> & RefAttributes<HTMLDivElement>'.
  Property 'class' does not exist on type 'IntrinsicAttributes & HTMLAttributes<HTMLDivElement> & RefAttributes<HTMLDivElement>'. Did you mean 'className'?

[7m438[0m                   <CardTitle class="text-lg">ACP - Agent Messages</CardTitle>
[7m   [0m [91m                             ~~~~~[0m
[96msrc/pages/connections.astro[0m:[93m435[0m:[93m34[0m - [91merror[0m[90m ts(2322): [0mType '{ class: string; }' is not assignable to type 'IntrinsicAttributes & Omit<LucideProps, "ref"> & RefAttributes<SVGSVGElement>'.
  Property 'class' does not exist on type 'IntrinsicAttributes & Omit<LucideProps, "ref"> & RefAttributes<SVGSVGElement>'. Did you mean 'className'?

[7m435[0m                   <MessageSquare class="h-5 w-5 text-primary" />
[7m   [0m [91m                                 ~~~~~[0m
[96msrc/pages/connections.astro[0m:[93m432[0m:[93m25[0m - [91merror[0m[90m ts(2322): [0mType '{ children: any; class: string; }' is not assignable to type 'IntrinsicAttributes & HTMLAttributes<HTMLDivElement> & RefAttributes<HTMLDivElement>'.
  Property 'class' does not exist on type 'IntrinsicAttributes & HTMLAttributes<HTMLDivElement> & RefAttributes<HTMLDivElement>'. Did you mean 'className'?

[7m432[0m             <CardHeader class="space-y-3">
[7m   [0m [91m                        ~~~~~[0m
[96msrc/pages/connections.astro[0m:[93m431[0m:[93m17[0m - [91merror[0m[90m ts(2322): [0mType '{ children: any[]; class: string; }' is not assignable to type 'IntrinsicAttributes & HTMLAttributes<HTMLDivElement> & RefAttributes<HTMLDivElement>'.
  Property 'class' does not exist on type 'IntrinsicAttributes & HTMLAttributes<HTMLDivElement> & RefAttributes<HTMLDivElement>'. Did you mean 'className'?

[7m431[0m           <Card class="border-border/50 bg-card/50 backdrop-blur">
[7m   [0m [91m                ~~~~~[0m
[96msrc/pages/connections.astro[0m:[93m417[0m:[93m24[0m - [91merror[0m[90m ts(2322): [0mType '{ class: string; }' is not assignable to type 'IntrinsicAttributes & Omit<LucideProps, "ref"> & RefAttributes<SVGSVGElement>'.
  Property 'class' does not exist on type 'IntrinsicAttributes & Omit<LucideProps, "ref"> & RefAttributes<SVGSVGElement>'. Did you mean 'className'?

[7m417[0m                 <Check class="mt-1 h-4 w-4 shrink-0 text-green-500" />
[7m   [0m [91m                       ~~~~~[0m
[96msrc/pages/connections.astro[0m:[93m413[0m:[93m24[0m - [91merror[0m[90m ts(2322): [0mType '{ class: string; }' is not assignable to type 'IntrinsicAttributes & Omit<LucideProps, "ref"> & RefAttributes<SVGSVGElement>'.
  Property 'class' does not exist on type 'IntrinsicAttributes & Omit<LucideProps, "ref"> & RefAttributes<SVGSVGElement>'. Did you mean 'className'?

[7m413[0m                 <Check class="mt-1 h-4 w-4 shrink-0 text-green-500" />
[7m   [0m [91m                       ~~~~~[0m
[96msrc/pages/connections.astro[0m:[93m409[0m:[93m24[0m - [91merror[0m[90m ts(2322): [0mType '{ class: string; }' is not assignable to type 'IntrinsicAttributes & Omit<LucideProps, "ref"> & RefAttributes<SVGSVGElement>'.
  Property 'class' does not exist on type 'IntrinsicAttributes & Omit<LucideProps, "ref"> & RefAttributes<SVGSVGElement>'. Did you mean 'className'?

[7m409[0m                 <Check class="mt-1 h-4 w-4 shrink-0 text-green-500" />
[7m   [0m [91m                       ~~~~~[0m
[96msrc/pages/connections.astro[0m:[93m405[0m:[93m24[0m - [91merror[0m[90m ts(2322): [0mType '{ class: string; }' is not assignable to type 'IntrinsicAttributes & Omit<LucideProps, "ref"> & RefAttributes<SVGSVGElement>'.
  Property 'class' does not exist on type 'IntrinsicAttributes & Omit<LucideProps, "ref"> & RefAttributes<SVGSVGElement>'. Did you mean 'className'?

[7m405[0m                 <Check class="mt-1 h-4 w-4 shrink-0 text-green-500" />
[7m   [0m [91m                       ~~~~~[0m
[96msrc/pages/connections.astro[0m:[93m372[0m:[93m44[0m - [91merror[0m[90m ts(2322): [0mType '{ children: string; variant: "secondary"; class: string; }' is not assignable to type 'IntrinsicAttributes & BadgeProps'.
  Property 'class' does not exist on type 'IntrinsicAttributes & BadgeProps'. Did you mean 'className'?

[7m372[0m                 <Badge variant="secondary" class="text-xs">knowledge</Badge>
[7m   [0m [91m                                           ~~~~~[0m
[96msrc/pages/connections.astro[0m:[93m368[0m:[93m44[0m - [91merror[0m[90m ts(2322): [0mType '{ children: string; variant: "secondary"; class: string; }' is not assignable to type 'IntrinsicAttributes & BadgeProps'.
  Property 'class' does not exist on type 'IntrinsicAttributes & BadgeProps'. Did you mean 'className'?

[7m368[0m                 <Badge variant="secondary" class="text-xs">events</Badge>
[7m   [0m [91m                                           ~~~~~[0m
[96msrc/pages/connections.astro[0m:[93m364[0m:[93m44[0m - [91merror[0m[90m ts(2322): [0mType '{ children: string; variant: "secondary"; class: string; }' is not assignable to type 'IntrinsicAttributes & BadgeProps'.
  Property 'class' does not exist on type 'IntrinsicAttributes & BadgeProps'. Did you mean 'className'?

[7m364[0m                 <Badge variant="secondary" class="text-xs">connections</Badge>
[7m   [0m [91m                                           ~~~~~[0m
[96msrc/pages/connections.astro[0m:[93m360[0m:[93m44[0m - [91merror[0m[90m ts(2322): [0mType '{ children: string; variant: "secondary"; class: string; }' is not assignable to type 'IntrinsicAttributes & BadgeProps'.
  Property 'class' does not exist on type 'IntrinsicAttributes & BadgeProps'. Did you mean 'className'?

[7m360[0m                 <Badge variant="secondary" class="text-xs">things</Badge>
[7m   [0m [91m                                           ~~~~~[0m
[96msrc/pages/connections.astro[0m:[93m356[0m:[93m44[0m - [91merror[0m[90m ts(2322): [0mType '{ children: string; variant: "secondary"; class: string; }' is not assignable to type 'IntrinsicAttributes & BadgeProps'.
  Property 'class' does not exist on type 'IntrinsicAttributes & BadgeProps'. Did you mean 'className'?

[7m356[0m                 <Badge variant="secondary" class="text-xs">people</Badge>
[7m   [0m [91m                                           ~~~~~[0m
[96msrc/pages/connections.astro[0m:[93m352[0m:[93m44[0m - [91merror[0m[90m ts(2322): [0mType '{ children: string; variant: "secondary"; class: string; }' is not assignable to type 'IntrinsicAttributes & BadgeProps'.
  Property 'class' does not exist on type 'IntrinsicAttributes & BadgeProps'. Did you mean 'className'?

[7m352[0m                 <Badge variant="secondary" class="text-xs">groups</Badge>
[7m   [0m [91m                                           ~~~~~[0m
[96msrc/pages/connections.astro[0m:[93m327[0m:[93m19[0m - [91merror[0m[90m ts(2322): [0mType '{ class: string; }' is not assignable to type 'IntrinsicAttributes & Omit<LucideProps, "ref"> & RefAttributes<SVGSVGElement>'.
  Property 'class' does not exist on type 'IntrinsicAttributes & Omit<LucideProps, "ref"> & RefAttributes<SVGSVGElement>'. Did you mean 'className'?

[7m327[0m           <Layers class="h-4 w-4" />
[7m   [0m [91m                  ~~~~~[0m
[96msrc/pages/connections.astro[0m:[93m326[0m:[93m34[0m - [91merror[0m[90m ts(2322): [0mType '{ children: any[]; variant: "outline"; class: string; }' is not assignable to type 'IntrinsicAttributes & BadgeProps'.
  Property 'class' does not exist on type 'IntrinsicAttributes & BadgeProps'. Did you mean 'className'?

[7m326[0m         <Badge variant="outline" class="mb-2 inline-flex items-center gap-2">
[7m   [0m [91m                                 ~~~~~[0m
[96msrc/pages/connections.astro[0m:[93m306[0m:[93m44[0m - [91merror[0m[90m ts(2322): [0mType '{ children: string; variant: "secondary"; class: string; }' is not assignable to type 'IntrinsicAttributes & BadgeProps'.
  Property 'class' does not exist on type 'IntrinsicAttributes & BadgeProps'. Did you mean 'className'?

[7m306[0m                 <Badge variant="secondary" class="text-xs">X402</Badge>
[7m   [0m [91m                                           ~~~~~[0m
[96msrc/pages/connections.astro[0m:[93m302[0m:[93m44[0m - [91merror[0m[90m ts(2322): [0mType '{ children: string; variant: "secondary"; class: string; }' is not assignable to type 'IntrinsicAttributes & BadgeProps'.
  Property 'class' does not exist on type 'IntrinsicAttributes & BadgeProps'. Did you mean 'className'?

[7m302[0m                 <Badge variant="secondary" class="text-xs">AP2</Badge>
[7m   [0m [91m                                           ~~~~~[0m
[96msrc/pages/connections.astro[0m:[93m289[0m:[93m44[0m - [91merror[0m[90m ts(2322): [0mType '{ children: string; variant: "secondary"; class: string; }' is not assignable to type 'IntrinsicAttributes & BadgeProps'.
  Property 'class' does not exist on type 'IntrinsicAttributes & BadgeProps'. Did you mean 'className'?

[7m289[0m                 <Badge variant="secondary" class="text-xs">AG-UI</Badge>
[7m   [0m [91m                                           ~~~~~[0m
[96msrc/pages/connections.astro[0m:[93m285[0m:[93m44[0m - [91merror[0m[90m ts(2322): [0mType '{ children: string; variant: "secondary"; class: string; }' is not assignable to type 'IntrinsicAttributes & BadgeProps'.
  Property 'class' does not exist on type 'IntrinsicAttributes & BadgeProps'. Did you mean 'className'?

[7m285[0m                 <Badge variant="secondary" class="text-xs">A2A</Badge>
[7m   [0m [91m                                           ~~~~~[0m
[96msrc/pages/connections.astro[0m:[93m272[0m:[93m44[0m - [91merror[0m[90m ts(2322): [0mType '{ children: string; variant: "secondary"; class: string; }' is not assignable to type 'IntrinsicAttributes & BadgeProps'.
  Property 'class' does not exist on type 'IntrinsicAttributes & BadgeProps'. Did you mean 'className'?

[7m272[0m                 <Badge variant="secondary" class="text-xs">ACP</Badge>
[7m   [0m [91m                                           ~~~~~[0m
[96msrc/pages/connections.astro[0m:[93m268[0m:[93m44[0m - [91merror[0m[90m ts(2322): [0mType '{ children: string; variant: "secondary"; class: string; }' is not assignable to type 'IntrinsicAttributes & BadgeProps'.
  Property 'class' does not exist on type 'IntrinsicAttributes & BadgeProps'. Did you mean 'className'?

[7m268[0m                 <Badge variant="secondary" class="text-xs">MCP</Badge>
[7m   [0m [91m                                           ~~~~~[0m
[96msrc/pages/connections.astro[0m:[93m246[0m:[93m16[0m - [91merror[0m[90m ts(2322): [0mType '{ class: string; }' is not assignable to type 'IntrinsicAttributes & Omit<LucideProps, "ref"> & RefAttributes<SVGSVGElement>'.
  Property 'class' does not exist on type 'IntrinsicAttributes & Omit<LucideProps, "ref"> & RefAttributes<SVGSVGElement>'. Did you mean 'className'?

[7m246[0m           <Zap class="h-4 w-4" />
[7m   [0m [91m               ~~~~~[0m
[96msrc/pages/connections.astro[0m:[93m245[0m:[93m34[0m - [91merror[0m[90m ts(2322): [0mType '{ children: any[]; variant: "outline"; class: string; }' is not assignable to type 'IntrinsicAttributes & BadgeProps'.
  Property 'class' does not exist on type 'IntrinsicAttributes & BadgeProps'. Did you mean 'className'?

[7m245[0m         <Badge variant="outline" class="mb-2 inline-flex items-center gap-2">
[7m   [0m [91m                                 ~~~~~[0m
[96msrc/pages/connections.astro[0m:[93m233[0m:[93m40[0m - [91merror[0m[90m ts(2322): [0mType '{ children: string; variant: "outline"; class: string; }' is not assignable to type 'IntrinsicAttributes & BadgeProps'.
  Property 'class' does not exist on type 'IntrinsicAttributes & BadgeProps'. Did you mean 'className'?

[7m233[0m               <Badge variant="outline" class="text-xs">Real-Time</Badge>
[7m   [0m [91m                                       ~~~~~[0m
[96msrc/pages/connections.astro[0m:[93m232[0m:[93m40[0m - [91merror[0m[90m ts(2322): [0mType '{ children: string; variant: "outline"; class: string; }' is not assignable to type 'IntrinsicAttributes & BadgeProps'.
  Property 'class' does not exist on type 'IntrinsicAttributes & BadgeProps'. Did you mean 'className'?

[7m232[0m               <Badge variant="outline" class="text-xs">Type-Safe</Badge>
[7m   [0m [91m                                       ~~~~~[0m
[96msrc/pages/connections.astro[0m:[93m231[0m:[93m40[0m - [91merror[0m[90m ts(2322): [0mType '{ children: string; variant: "outline"; class: string; }' is not assignable to type 'IntrinsicAttributes & BadgeProps'.
  Property 'class' does not exist on type 'IntrinsicAttributes & BadgeProps'. Did you mean 'className'?

[7m231[0m               <Badge variant="outline" class="text-xs">ONE Platform</Badge>
[7m   [0m [91m                                       ~~~~~[0m
[96msrc/pages/connections.astro[0m:[93m227[0m:[93m30[0m - [91merror[0m[90m ts(2322): [0mType '{ children: string; class: string; }' is not assignable to type 'IntrinsicAttributes & HTMLAttributes<HTMLDivElement> & RefAttributes<HTMLDivElement>'.
  Property 'class' does not exist on type 'IntrinsicAttributes & HTMLAttributes<HTMLDivElement> & RefAttributes<HTMLDivElement>'. Did you mean 'className'?

[7m227[0m             <CardDescription class="leading-relaxed">
[7m   [0m [91m                             ~~~~~[0m
[96msrc/pages/connections.astro[0m:[93m223[0m:[93m44[0m - [91merror[0m[90m ts(2322): [0mType '{ children: string; variant: "secondary"; class: string; }' is not assignable to type 'IntrinsicAttributes & BadgeProps'.
  Property 'class' does not exist on type 'IntrinsicAttributes & BadgeProps'. Did you mean 'className'?

[7m223[0m                 <Badge variant="secondary" class="text-xs">Interface</Badge>
[7m   [0m [91m                                           ~~~~~[0m
[96msrc/pages/connections.astro[0m:[93m222[0m:[93m28[0m - [91merror[0m[90m ts(2322): [0mType '{ children: string; class: string; }' is not assignable to type 'IntrinsicAttributes & HTMLAttributes<HTMLDivElement> & RefAttributes<HTMLDivElement>'.
  Property 'class' does not exist on type 'IntrinsicAttributes & HTMLAttributes<HTMLDivElement> & RefAttributes<HTMLDivElement>'. Did you mean 'className'?

[7m222[0m                 <CardTitle class="text-xl">AG-UI</CardTitle>
[7m   [0m [91m                           ~~~~~[0m
[96msrc/pages/connections.astro[0m:[93m218[0m:[93m22[0m - [91merror[0m[90m ts(2322): [0mType '{ class: string; }' is not assignable to type 'IntrinsicAttributes & Omit<LucideProps, "ref"> & RefAttributes<SVGSVGElement>'.
  Property 'class' does not exist on type 'IntrinsicAttributes & Omit<LucideProps, "ref"> & RefAttributes<SVGSVGElement>'. Did you mean 'className'?

[7m218[0m               <Link2 class="h-6 w-6 text-primary" />
[7m   [0m [91m                     ~~~~~[0m
[96msrc/pages/connections.astro[0m:[93m216[0m:[93m23[0m - [91merror[0m[90m ts(2322): [0mType '{ children: any[]; class: string; }' is not assignable to type 'IntrinsicAttributes & HTMLAttributes<HTMLDivElement> & RefAttributes<HTMLDivElement>'.
  Property 'class' does not exist on type 'IntrinsicAttributes & HTMLAttributes<HTMLDivElement> & RefAttributes<HTMLDivElement>'. Did you mean 'className'?

[7m216[0m           <CardHeader class="space-y-4">
[7m   [0m [91m                      ~~~~~[0m
[96msrc/pages/connections.astro[0m:[93m215[0m:[93m15[0m - [91merror[0m[90m ts(2322): [0mType '{ children: any; class: string; }' is not assignable to type 'IntrinsicAttributes & HTMLAttributes<HTMLDivElement> & RefAttributes<HTMLDivElement>'.
  Property 'class' does not exist on type 'IntrinsicAttributes & HTMLAttributes<HTMLDivElement> & RefAttributes<HTMLDivElement>'. Did you mean 'className'?

[7m215[0m         <Card class="group border-border/50 bg-card/50 backdrop-blur transition-all hover:scale-[1.02] hover:border-primary/20 hover:bg-card hover:shadow-lg hover:shadow-primary/5">
[7m   [0m [91m              ~~~~~[0m
[96msrc/pages/connections.astro[0m:[93m209[0m:[93m40[0m - [91merror[0m[90m ts(2322): [0mType '{ children: string; variant: "outline"; class: string; }' is not assignable to type 'IntrinsicAttributes & BadgeProps'.
  Property 'class' does not exist on type 'IntrinsicAttributes & BadgeProps'. Did you mean 'className'?

[7m209[0m               <Badge variant="outline" class="text-xs">Multi-Chain</Badge>
[7m   [0m [91m                                       ~~~~~[0m
[96msrc/pages/connections.astro[0m:[93m208[0m:[93m40[0m - [91merror[0m[90m ts(2322): [0mType '{ children: string; variant: "outline"; class: string; }' is not assignable to type 'IntrinsicAttributes & BadgeProps'.
  Property 'class' does not exist on type 'IntrinsicAttributes & BadgeProps'. Did you mean 'className'?

[7m208[0m               <Badge variant="outline" class="text-xs">Zero Fees</Badge>
[7m   [0m [91m                                       ~~~~~[0m
[96msrc/pages/connections.astro[0m:[93m207[0m:[93m40[0m - [91merror[0m[90m ts(2322): [0mType '{ children: string; variant: "outline"; class: string; }' is not assignable to type 'IntrinsicAttributes & BadgeProps'.
  Property 'class' does not exist on type 'IntrinsicAttributes & BadgeProps'. Did you mean 'className'?

[7m207[0m               <Badge variant="outline" class="text-xs">Coinbase</Badge>
[7m   [0m [91m                                       ~~~~~[0m
[96msrc/pages/connections.astro[0m:[93m203[0m:[93m30[0m - [91merror[0m[90m ts(2322): [0mType '{ children: string; class: string; }' is not assignable to type 'IntrinsicAttributes & HTMLAttributes<HTMLDivElement> & RefAttributes<HTMLDivElement>'.
  Property 'class' does not exist on type 'IntrinsicAttributes & HTMLAttributes<HTMLDivElement> & RefAttributes<HTMLDivElement>'. Did you mean 'className'?

[7m203[0m             <CardDescription class="leading-relaxed">
[7m   [0m [91m                             ~~~~~[0m
[96msrc/pages/connections.astro[0m:[93m199[0m:[93m44[0m - [91merror[0m[90m ts(2322): [0mType '{ children: string; variant: "secondary"; class: string; }' is not assignable to type 'IntrinsicAttributes & BadgeProps'.
  Property 'class' does not exist on type 'IntrinsicAttributes & BadgeProps'. Did you mean 'className'?

[7m199[0m                 <Badge variant="secondary" class="text-xs">Micropayments</Badge>
[7m   [0m [91m                                           ~~~~~[0m
[96msrc/pages/connections.astro[0m:[93m198[0m:[93m28[0m - [91merror[0m[90m ts(2322): [0mType '{ children: string; class: string; }' is not assignable to type 'IntrinsicAttributes & HTMLAttributes<HTMLDivElement> & RefAttributes<HTMLDivElement>'.
  Property 'class' does not exist on type 'IntrinsicAttributes & HTMLAttributes<HTMLDivElement> & RefAttributes<HTMLDivElement>'. Did you mean 'className'?

[7m198[0m                 <CardTitle class="text-xl">X402</CardTitle>
[7m   [0m [91m                           ~~~~~[0m
[96msrc/pages/connections.astro[0m:[93m194[0m:[93m23[0m - [91merror[0m[90m ts(2322): [0mType '{ class: string; }' is not assignable to type 'IntrinsicAttributes & Omit<LucideProps, "ref"> & RefAttributes<SVGSVGElement>'.
  Property 'class' does not exist on type 'IntrinsicAttributes & Omit<LucideProps, "ref"> & RefAttributes<SVGSVGElement>'. Did you mean 'className'?

[7m194[0m               <Wallet class="h-6 w-6 text-primary" />
[7m   [0m [91m                      ~~~~~[0m
[96msrc/pages/connections.astro[0m:[93m192[0m:[93m23[0m - [91merror[0m[90m ts(2322): [0mType '{ children: any[]; class: string; }' is not assignable to type 'IntrinsicAttributes & HTMLAttributes<HTMLDivElement> & RefAttributes<HTMLDivElement>'.
  Property 'class' does not exist on type 'IntrinsicAttributes & HTMLAttributes<HTMLDivElement> & RefAttributes<HTMLDivElement>'. Did you mean 'className'?

[7m192[0m           <CardHeader class="space-y-4">
[7m   [0m [91m                      ~~~~~[0m
[96msrc/pages/connections.astro[0m:[93m191[0m:[93m15[0m - [91merror[0m[90m ts(2322): [0mType '{ children: any; class: string; }' is not assignable to type 'IntrinsicAttributes & HTMLAttributes<HTMLDivElement> & RefAttributes<HTMLDivElement>'.
  Property 'class' does not exist on type 'IntrinsicAttributes & HTMLAttributes<HTMLDivElement> & RefAttributes<HTMLDivElement>'. Did you mean 'className'?

[7m191[0m         <Card class="group border-border/50 bg-card/50 backdrop-blur transition-all hover:scale-[1.02] hover:border-primary/20 hover:bg-card hover:shadow-lg hover:shadow-primary/5">
[7m   [0m [91m              ~~~~~[0m
[96msrc/pages/connections.astro[0m:[93m185[0m:[93m40[0m - [91merror[0m[90m ts(2322): [0mType '{ children: string; variant: "outline"; class: string; }' is not assignable to type 'IntrinsicAttributes & BadgeProps'.
  Property 'class' does not exist on type 'IntrinsicAttributes & BadgeProps'. Did you mean 'className'?

[7m185[0m               <Badge variant="outline" class="text-xs">Web3</Badge>
[7m   [0m [91m                                       ~~~~~[0m
[96msrc/pages/connections.astro[0m:[93m184[0m:[93m40[0m - [91merror[0m[90m ts(2322): [0mType '{ children: string; variant: "outline"; class: string; }' is not assignable to type 'IntrinsicAttributes & BadgeProps'.
  Property 'class' does not exist on type 'IntrinsicAttributes & BadgeProps'. Did you mean 'className'?

[7m184[0m               <Badge variant="outline" class="text-xs">Autonomous</Badge>
[7m   [0m [91m                                       ~~~~~[0m
[96msrc/pages/connections.astro[0m:[93m183[0m:[93m40[0m - [91merror[0m[90m ts(2322): [0mType '{ children: string; variant: "outline"; class: string; }' is not assignable to type 'IntrinsicAttributes & BadgeProps'.
  Property 'class' does not exist on type 'IntrinsicAttributes & BadgeProps'. Did you mean 'className'?

[7m183[0m               <Badge variant="outline" class="text-xs">Google + 60 Orgs</Badge>
[7m   [0m [91m                                       ~~~~~[0m
[96msrc/pages/connections.astro[0m:[93m179[0m:[93m30[0m - [91merror[0m[90m ts(2322): [0mType '{ children: string; class: string; }' is not assignable to type 'IntrinsicAttributes & HTMLAttributes<HTMLDivElement> & RefAttributes<HTMLDivElement>'.
  Property 'class' does not exist on type 'IntrinsicAttributes & HTMLAttributes<HTMLDivElement> & RefAttributes<HTMLDivElement>'. Did you mean 'className'?

[7m179[0m             <CardDescription class="leading-relaxed">
[7m   [0m [91m                             ~~~~~[0m
[96msrc/pages/connections.astro[0m:[93m175[0m:[93m44[0m - [91merror[0m[90m ts(2322): [0mType '{ children: string; variant: "secondary"; class: string; }' is not assignable to type 'IntrinsicAttributes & BadgeProps'.
  Property 'class' does not exist on type 'IntrinsicAttributes & BadgeProps'. Did you mean 'className'?

[7m175[0m                 <Badge variant="secondary" class="text-xs">Payments</Badge>
[7m   [0m [91m                                           ~~~~~[0m
[96msrc/pages/connections.astro[0m:[93m174[0m:[93m28[0m - [91merror[0m[90m ts(2322): [0mType '{ children: string; class: string; }' is not assignable to type 'IntrinsicAttributes & HTMLAttributes<HTMLDivElement> & RefAttributes<HTMLDivElement>'.
  Property 'class' does not exist on type 'IntrinsicAttributes & HTMLAttributes<HTMLDivElement> & RefAttributes<HTMLDivElement>'. Did you mean 'className'?

[7m174[0m                 <CardTitle class="text-xl">AP2</CardTitle>
[7m   [0m [91m                           ~~~~~[0m
[96msrc/pages/connections.astro[0m:[93m170[0m:[93m27[0m - [91merror[0m[90m ts(2322): [0mType '{ class: string; }' is not assignable to type 'IntrinsicAttributes & Omit<LucideProps, "ref"> & RefAttributes<SVGSVGElement>'.
  Property 'class' does not exist on type 'IntrinsicAttributes & Omit<LucideProps, "ref"> & RefAttributes<SVGSVGElement>'. Did you mean 'className'?

[7m170[0m               <DollarSign class="h-6 w-6 text-primary" />
[7m   [0m [91m                          ~~~~~[0m
[96msrc/pages/connections.astro[0m:[93m168[0m:[93m23[0m - [91merror[0m[90m ts(2322): [0mType '{ children: any[]; class: string; }' is not assignable to type 'IntrinsicAttributes & HTMLAttributes<HTMLDivElement> & RefAttributes<HTMLDivElement>'.
  Property 'class' does not exist on type 'IntrinsicAttributes & HTMLAttributes<HTMLDivElement> & RefAttributes<HTMLDivElement>'. Did you mean 'className'?

[7m168[0m           <CardHeader class="space-y-4">
[7m   [0m [91m                      ~~~~~[0m
[96msrc/pages/connections.astro[0m:[93m167[0m:[93m15[0m - [91merror[0m[90m ts(2322): [0mType '{ children: any; class: string; }' is not assignable to type 'IntrinsicAttributes & HTMLAttributes<HTMLDivElement> & RefAttributes<HTMLDivElement>'.
  Property 'class' does not exist on type 'IntrinsicAttributes & HTMLAttributes<HTMLDivElement> & RefAttributes<HTMLDivElement>'. Did you mean 'className'?

[7m167[0m         <Card class="group border-border/50 bg-card/50 backdrop-blur transition-all hover:scale-[1.02] hover:border-primary/20 hover:bg-card hover:shadow-lg hover:shadow-primary/5">
[7m   [0m [91m              ~~~~~[0m
[96msrc/pages/connections.astro[0m:[93m161[0m:[93m40[0m - [91merror[0m[90m ts(2322): [0mType '{ children: string; variant: "outline"; class: string; }' is not assignable to type 'IntrinsicAttributes & BadgeProps'.
  Property 'class' does not exist on type 'IntrinsicAttributes & BadgeProps'. Did you mean 'className'?

[7m161[0m               <Badge variant="outline" class="text-xs">Coordination</Badge>
[7m   [0m [91m                                       ~~~~~[0m
[96msrc/pages/connections.astro[0m:[93m160[0m:[93m40[0m - [91merror[0m[90m ts(2322): [0mType '{ children: string; variant: "outline"; class: string; }' is not assignable to type 'IntrinsicAttributes & BadgeProps'.
  Property 'class' does not exist on type 'IntrinsicAttributes & BadgeProps'. Did you mean 'className'?

[7m160[0m               <Badge variant="outline" class="text-xs">Linux Foundation</Badge>
[7m   [0m [91m                                       ~~~~~[0m
[96msrc/pages/connections.astro[0m:[93m159[0m:[93m40[0m - [91merror[0m[90m ts(2322): [0mType '{ children: string; variant: "outline"; class: string; }' is not assignable to type 'IntrinsicAttributes & BadgeProps'.
  Property 'class' does not exist on type 'IntrinsicAttributes & BadgeProps'. Did you mean 'className'?

[7m159[0m               <Badge variant="outline" class="text-xs">Google</Badge>
[7m   [0m [91m                                       ~~~~~[0m
[96msrc/pages/connections.astro[0m:[93m155[0m:[93m30[0m - [91merror[0m[90m ts(2322): [0mType '{ children: string; class: string; }' is not assignable to type 'IntrinsicAttributes & HTMLAttributes<HTMLDivElement> & RefAttributes<HTMLDivElement>'.
  Property 'class' does not exist on type 'IntrinsicAttributes & HTMLAttributes<HTMLDivElement> & RefAttributes<HTMLDivElement>'. Did you mean 'className'?

[7m155[0m             <CardDescription class="leading-relaxed">
[7m   [0m [91m                             ~~~~~[0m
[96msrc/pages/connections.astro[0m:[93m151[0m:[93m44[0m - [91merror[0m[90m ts(2322): [0mType '{ children: string; variant: "secondary"; class: string; }' is not assignable to type 'IntrinsicAttributes & BadgeProps'.
  Property 'class' does not exist on type 'IntrinsicAttributes & BadgeProps'. Did you mean 'className'?

[7m151[0m                 <Badge variant="secondary" class="text-xs">Framework</Badge>
[7m   [0m [91m                                           ~~~~~[0m
[96msrc/pages/connections.astro[0m:[93m150[0m:[93m28[0m - [91merror[0m[90m ts(2322): [0mType '{ children: string; class: string; }' is not assignable to type 'IntrinsicAttributes & HTMLAttributes<HTMLDivElement> & RefAttributes<HTMLDivElement>'.
  Property 'class' does not exist on type 'IntrinsicAttributes & HTMLAttributes<HTMLDivElement> & RefAttributes<HTMLDivElement>'. Did you mean 'className'?

[7m150[0m                 <CardTitle class="text-xl">A2A</CardTitle>
[7m   [0m [91m                           ~~~~~[0m
[96msrc/pages/connections.astro[0m:[93m146[0m:[93m20[0m - [91merror[0m[90m ts(2322): [0mType '{ class: string; }' is not assignable to type 'IntrinsicAttributes & Omit<LucideProps, "ref"> & RefAttributes<SVGSVGElement>'.
  Property 'class' does not exist on type 'IntrinsicAttributes & Omit<LucideProps, "ref"> & RefAttributes<SVGSVGElement>'. Did you mean 'className'?

[7m146[0m               <Bot class="h-6 w-6 text-primary" />
[7m   [0m [91m                   ~~~~~[0m
[96msrc/pages/connections.astro[0m:[93m144[0m:[93m23[0m - [91merror[0m[90m ts(2322): [0mType '{ children: any[]; class: string; }' is not assignable to type 'IntrinsicAttributes & HTMLAttributes<HTMLDivElement> & RefAttributes<HTMLDivElement>'.
  Property 'class' does not exist on type 'IntrinsicAttributes & HTMLAttributes<HTMLDivElement> & RefAttributes<HTMLDivElement>'. Did you mean 'className'?

[7m144[0m           <CardHeader class="space-y-4">
[7m   [0m [91m                      ~~~~~[0m
[96msrc/pages/connections.astro[0m:[93m143[0m:[93m15[0m - [91merror[0m[90m ts(2322): [0mType '{ children: any; class: string; }' is not assignable to type 'IntrinsicAttributes & HTMLAttributes<HTMLDivElement> & RefAttributes<HTMLDivElement>'.
  Property 'class' does not exist on type 'IntrinsicAttributes & HTMLAttributes<HTMLDivElement> & RefAttributes<HTMLDivElement>'. Did you mean 'className'?

[7m143[0m         <Card class="group border-border/50 bg-card/50 backdrop-blur transition-all hover:scale-[1.02] hover:border-primary/20 hover:bg-card hover:shadow-lg hover:shadow-primary/5">
[7m   [0m [91m              ~~~~~[0m
[96msrc/pages/connections.astro[0m:[93m137[0m:[93m40[0m - [91merror[0m[90m ts(2322): [0mType '{ children: string; variant: "outline"; class: string; }' is not assignable to type 'IntrinsicAttributes & BadgeProps'.
  Property 'class' does not exist on type 'IntrinsicAttributes & BadgeProps'. Did you mean 'className'?

[7m137[0m               <Badge variant="outline" class="text-xs">Vector Search</Badge>
[7m   [0m [91m                                       ~~~~~[0m
[96msrc/pages/connections.astro[0m:[93m136[0m:[93m40[0m - [91merror[0m[90m ts(2322): [0mType '{ children: string; variant: "outline"; class: string; }' is not assignable to type 'IntrinsicAttributes & BadgeProps'.
  Property 'class' does not exist on type 'IntrinsicAttributes & BadgeProps'. Did you mean 'className'?

[7m136[0m               <Badge variant="outline" class="text-xs">RAG-Ready</Badge>
[7m   [0m [91m                                       ~~~~~[0m
[96msrc/pages/connections.astro[0m:[93m135[0m:[93m40[0m - [91merror[0m[90m ts(2322): [0mType '{ children: string; variant: "outline"; class: string; }' is not assignable to type 'IntrinsicAttributes & BadgeProps'.
  Property 'class' does not exist on type 'IntrinsicAttributes & BadgeProps'. Did you mean 'className'?

[7m135[0m               <Badge variant="outline" class="text-xs">Anthropic</Badge>
[7m   [0m [91m                                       ~~~~~[0m
[96msrc/pages/connections.astro[0m:[93m131[0m:[93m30[0m - [91merror[0m[90m ts(2322): [0mType '{ children: string; class: string; }' is not assignable to type 'IntrinsicAttributes & HTMLAttributes<HTMLDivElement> & RefAttributes<HTMLDivElement>'.
  Property 'class' does not exist on type 'IntrinsicAttributes & HTMLAttributes<HTMLDivElement> & RefAttributes<HTMLDivElement>'. Did you mean 'className'?

[7m131[0m             <CardDescription class="leading-relaxed">
[7m   [0m [91m                             ~~~~~[0m
[96msrc/pages/connections.astro[0m:[93m127[0m:[93m44[0m - [91merror[0m[90m ts(2322): [0mType '{ children: string; variant: "secondary"; class: string; }' is not assignable to type 'IntrinsicAttributes & BadgeProps'.
  Property 'class' does not exist on type 'IntrinsicAttributes & BadgeProps'. Did you mean 'className'?

[7m127[0m                 <Badge variant="secondary" class="text-xs">Context</Badge>
[7m   [0m [91m                                           ~~~~~[0m
[96msrc/pages/connections.astro[0m:[93m126[0m:[93m28[0m - [91merror[0m[90m ts(2322): [0mType '{ children: string; class: string; }' is not assignable to type 'IntrinsicAttributes & HTMLAttributes<HTMLDivElement> & RefAttributes<HTMLDivElement>'.
  Property 'class' does not exist on type 'IntrinsicAttributes & HTMLAttributes<HTMLDivElement> & RefAttributes<HTMLDivElement>'. Did you mean 'className'?

[7m126[0m                 <CardTitle class="text-xl">MCP</CardTitle>
[7m   [0m [91m                           ~~~~~[0m
[96msrc/pages/connections.astro[0m:[93m122[0m:[93m23[0m - [91merror[0m[90m ts(2322): [0mType '{ class: string; }' is not assignable to type 'IntrinsicAttributes & Omit<LucideProps, "ref"> & RefAttributes<SVGSVGElement>'.
  Property 'class' does not exist on type 'IntrinsicAttributes & Omit<LucideProps, "ref"> & RefAttributes<SVGSVGElement>'. Did you mean 'className'?

[7m122[0m               <Layers class="h-6 w-6 text-primary" />
[7m   [0m [91m                      ~~~~~[0m
[96msrc/pages/connections.astro[0m:[93m120[0m:[93m23[0m - [91merror[0m[90m ts(2322): [0mType '{ children: any[]; class: string; }' is not assignable to type 'IntrinsicAttributes & HTMLAttributes<HTMLDivElement> & RefAttributes<HTMLDivElement>'.
  Property 'class' does not exist on type 'IntrinsicAttributes & HTMLAttributes<HTMLDivElement> & RefAttributes<HTMLDivElement>'. Did you mean 'className'?

[7m120[0m           <CardHeader class="space-y-4">
[7m   [0m [91m                      ~~~~~[0m
[96msrc/pages/connections.astro[0m:[93m119[0m:[93m15[0m - [91merror[0m[90m ts(2322): [0mType '{ children: any; class: string; }' is not assignable to type 'IntrinsicAttributes & HTMLAttributes<HTMLDivElement> & RefAttributes<HTMLDivElement>'.
  Property 'class' does not exist on type 'IntrinsicAttributes & HTMLAttributes<HTMLDivElement> & RefAttributes<HTMLDivElement>'. Did you mean 'className'?

[7m119[0m         <Card class="group border-border/50 bg-card/50 backdrop-blur transition-all hover:scale-[1.02] hover:border-primary/20 hover:bg-card hover:shadow-lg hover:shadow-primary/5">
[7m   [0m [91m              ~~~~~[0m
[96msrc/pages/connections.astro[0m:[93m113[0m:[93m40[0m - [91merror[0m[90m ts(2322): [0mType '{ children: string; variant: "outline"; class: string; }' is not assignable to type 'IntrinsicAttributes & BadgeProps'.
  Property 'class' does not exist on type 'IntrinsicAttributes & BadgeProps'. Did you mean 'className'?

[7m113[0m               <Badge variant="outline" class="text-xs">Async-First</Badge>
[7m   [0m [91m                                       ~~~~~[0m
[96msrc/pages/connections.astro[0m:[93m112[0m:[93m40[0m - [91merror[0m[90m ts(2322): [0mType '{ children: string; variant: "outline"; class: string; }' is not assignable to type 'IntrinsicAttributes & BadgeProps'.
  Property 'class' does not exist on type 'IntrinsicAttributes & BadgeProps'. Did you mean 'className'?

[7m112[0m               <Badge variant="outline" class="text-xs">Multimodal</Badge>
[7m   [0m [91m                                       ~~~~~[0m
[96msrc/pages/connections.astro[0m:[93m111[0m:[93m40[0m - [91merror[0m[90m ts(2322): [0mType '{ children: string; variant: "outline"; class: string; }' is not assignable to type 'IntrinsicAttributes & BadgeProps'.
  Property 'class' does not exist on type 'IntrinsicAttributes & BadgeProps'. Did you mean 'className'?

[7m111[0m               <Badge variant="outline" class="text-xs">Linux Foundation</Badge>
[7m   [0m [91m                                       ~~~~~[0m
[96msrc/pages/connections.astro[0m:[93m107[0m:[93m30[0m - [91merror[0m[90m ts(2322): [0mType '{ children: string; class: string; }' is not assignable to type 'IntrinsicAttributes & HTMLAttributes<HTMLDivElement> & RefAttributes<HTMLDivElement>'.
  Property 'class' does not exist on type 'IntrinsicAttributes & HTMLAttributes<HTMLDivElement> & RefAttributes<HTMLDivElement>'. Did you mean 'className'?

[7m107[0m             <CardDescription class="leading-relaxed">
[7m   [0m [91m                             ~~~~~[0m
[96msrc/pages/connections.astro[0m:[93m103[0m:[93m44[0m - [91merror[0m[90m ts(2322): [0mType '{ children: string; variant: "secondary"; class: string; }' is not assignable to type 'IntrinsicAttributes & BadgeProps'.
  Property 'class' does not exist on type 'IntrinsicAttributes & BadgeProps'. Did you mean 'className'?

[7m103[0m                 <Badge variant="secondary" class="text-xs">REST API</Badge>
[7m   [0m [91m                                           ~~~~~[0m
[96msrc/pages/connections.astro[0m:[93m102[0m:[93m28[0m - [91merror[0m[90m ts(2322): [0mType '{ children: string; class: string; }' is not assignable to type 'IntrinsicAttributes & HTMLAttributes<HTMLDivElement> & RefAttributes<HTMLDivElement>'.
  Property 'class' does not exist on type 'IntrinsicAttributes & HTMLAttributes<HTMLDivElement> & RefAttributes<HTMLDivElement>'. Did you mean 'className'?

[7m102[0m                 <CardTitle class="text-xl">ACP</CardTitle>
[7m   [0m [91m                           ~~~~~[0m
[96msrc/pages/connections.astro[0m:[93m98[0m:[93m30[0m - [91merror[0m[90m ts(2322): [0mType '{ class: string; }' is not assignable to type 'IntrinsicAttributes & Omit<LucideProps, "ref"> & RefAttributes<SVGSVGElement>'.
  Property 'class' does not exist on type 'IntrinsicAttributes & Omit<LucideProps, "ref"> & RefAttributes<SVGSVGElement>'. Did you mean 'className'?

[7m98[0m               <MessageSquare class="h-6 w-6 text-primary" />
[7m  [0m [91m                             ~~~~~[0m
[96msrc/pages/connections.astro[0m:[93m96[0m:[93m23[0m - [91merror[0m[90m ts(2322): [0mType '{ children: any[]; class: string; }' is not assignable to type 'IntrinsicAttributes & HTMLAttributes<HTMLDivElement> & RefAttributes<HTMLDivElement>'.
  Property 'class' does not exist on type 'IntrinsicAttributes & HTMLAttributes<HTMLDivElement> & RefAttributes<HTMLDivElement>'. Did you mean 'className'?

[7m96[0m           <CardHeader class="space-y-4">
[7m  [0m [91m                      ~~~~~[0m
[96msrc/pages/connections.astro[0m:[93m95[0m:[93m15[0m - [91merror[0m[90m ts(2322): [0mType '{ children: any; class: string; }' is not assignable to type 'IntrinsicAttributes & HTMLAttributes<HTMLDivElement> & RefAttributes<HTMLDivElement>'.
  Property 'class' does not exist on type 'IntrinsicAttributes & HTMLAttributes<HTMLDivElement> & RefAttributes<HTMLDivElement>'. Did you mean 'className'?

[7m95[0m         <Card class="group border-border/50 bg-card/50 backdrop-blur transition-all hover:scale-[1.02] hover:border-primary/20 hover:bg-card hover:shadow-lg hover:shadow-primary/5">
[7m  [0m [91m              ~~~~~[0m
[96msrc/pages/connections.astro[0m:[93m82[0m:[93m19[0m - [91merror[0m[90m ts(2322): [0mType '{ class: string; }' is not assignable to type 'IntrinsicAttributes & Omit<LucideProps, "ref"> & RefAttributes<SVGSVGElement>'.
  Property 'class' does not exist on type 'IntrinsicAttributes & Omit<LucideProps, "ref"> & RefAttributes<SVGSVGElement>'. Did you mean 'className'?

[7m82[0m           <Layers class="h-4 w-4" />
[7m  [0m [91m                  ~~~~~[0m
[96msrc/pages/connections.astro[0m:[93m81[0m:[93m34[0m - [91merror[0m[90m ts(2322): [0mType '{ children: any[]; variant: "outline"; class: string; }' is not assignable to type 'IntrinsicAttributes & BadgeProps'.
  Property 'class' does not exist on type 'IntrinsicAttributes & BadgeProps'. Did you mean 'className'?

[7m81[0m         <Badge variant="outline" class="mb-2 inline-flex items-center gap-2">
[7m  [0m [91m                                 ~~~~~[0m
[96msrc/pages/connections.astro[0m:[93m70[0m:[93m20[0m - [91merror[0m[90m ts(2322): [0mType '{ class: string; }' is not assignable to type 'IntrinsicAttributes & Omit<LucideProps, "ref"> & RefAttributes<SVGSVGElement>'.
  Property 'class' does not exist on type 'IntrinsicAttributes & Omit<LucideProps, "ref"> & RefAttributes<SVGSVGElement>'. Did you mean 'className'?

[7m70[0m             <Globe class="ml-2 h-5 w-5" />
[7m  [0m [91m                   ~~~~~[0m
[96msrc/pages/connections.astro[0m:[93m68[0m:[93m47[0m - [91merror[0m[90m ts(2322): [0mType '{ children: any[]; variant: "outline"; size: "lg"; class: string; }' is not assignable to type 'IntrinsicAttributes & ButtonProps & RefAttributes<HTMLButtonElement>'.
  Property 'class' does not exist on type 'IntrinsicAttributes & ButtonProps & RefAttributes<HTMLButtonElement>'. Did you mean 'className'?

[7m68[0m           <Button variant="outline" size="lg" class="h-14 px-8 text-lg">
[7m  [0m [91m                                              ~~~~~[0m
[96msrc/pages/connections.astro[0m:[93m64[0m:[93m25[0m - [91merror[0m[90m ts(2322): [0mType '{ class: string; }' is not assignable to type 'IntrinsicAttributes & Omit<LucideProps, "ref"> & RefAttributes<SVGSVGElement>'.
  Property 'class' does not exist on type 'IntrinsicAttributes & Omit<LucideProps, "ref"> & RefAttributes<SVGSVGElement>'. Did you mean 'className'?

[7m64[0m             <ArrowRight class="ml-2 h-5 w-5" />
[7m  [0m [91m                        ~~~~~[0m
[96msrc/pages/connections.astro[0m:[93m62[0m:[93m29[0m - [91merror[0m[90m ts(2322): [0mType '{ children: any[]; size: "lg"; class: string; }' is not assignable to type 'IntrinsicAttributes & ButtonProps & RefAttributes<HTMLButtonElement>'.
  Property 'class' does not exist on type 'IntrinsicAttributes & ButtonProps & RefAttributes<HTMLButtonElement>'. Did you mean 'className'?

[7m62[0m           <Button size="lg" class="h-14 px-8 text-lg">
[7m  [0m [91m                            ~~~~~[0m
[96msrc/pages/connections.astro[0m:[93m37[0m:[93m18[0m - [91merror[0m[90m ts(2322): [0mType '{ class: string; }' is not assignable to type 'IntrinsicAttributes & Omit<LucideProps, "ref"> & RefAttributes<SVGSVGElement>'.
  Property 'class' does not exist on type 'IntrinsicAttributes & Omit<LucideProps, "ref"> & RefAttributes<SVGSVGElement>'. Did you mean 'className'?

[7m37[0m         <Network class="h-4 w-4" />
[7m  [0m [91m                 ~~~~~[0m
[96msrc/pages/connections.astro[0m:[93m36[0m:[93m32[0m - [91merror[0m[90m ts(2322): [0mType '{ children: any[]; variant: "outline"; class: string; }' is not assignable to type 'IntrinsicAttributes & BadgeProps'.
  Property 'class' does not exist on type 'IntrinsicAttributes & BadgeProps'. Did you mean 'className'?

[7m36[0m       <Badge variant="outline" class="inline-flex items-center gap-2">
[7m  [0m [91m                               ~~~~~[0m

[96msrc/pages/deploy.astro[0m:[93m23[0m:[93m3[0m - [93mwarning[0m[90m ts(6133): [0m'TrendingUp' is declared but its value is never read.

[7m23[0m   TrendingUp,
[7m  [0m [93m  ~~~~~~~~~~[0m

[96msrc/pages/features.astro[0m:[93m35[0m:[93m3[0m - [93mwarning[0m[90m ts(6133): [0m'Terminal' is declared but its value is never read.

[7m35[0m   Terminal,
[7m  [0m [93m  ~~~~~~~~[0m
[96msrc/pages/features.astro[0m:[93m34[0m:[93m3[0m - [93mwarning[0m[90m ts(6133): [0m'Figma' is declared but its value is never read.

[7m34[0m   Figma,
[7m  [0m [93m  ~~~~~[0m
[96msrc/pages/features.astro[0m:[93m34[0m:[93m3[0m - [93mwarning[0m[90m ts(6385): [0m'Figma' is deprecated.

[7m34[0m   Figma,
[7m  [0m [93m  ~~~~~[0m
[96msrc/pages/features.astro[0m:[93m24[0m:[93m3[0m - [93mwarning[0m[90m ts(6133): [0m'Database' is declared but its value is never read.

[7m24[0m   Database,
[7m  [0m [93m  ~~~~~~~~[0m
[96msrc/pages/features.astro[0m:[93m20[0m:[93m3[0m - [93mwarning[0m[90m ts(6133): [0m'Globe' is declared but its value is never read.

[7m20[0m   Globe,
[7m  [0m [93m  ~~~~~[0m

[96msrc/pages/features1.astro[0m:[93m256[0m:[93m18[0m - [93mwarning[0m[90m ts(6385): [0m'Figma' is deprecated.

[7m256[0m                 <Figma className="h-6 w-6 text-primary" />
[7m   [0m [93m                 ~~~~~[0m
[96msrc/pages/features1.astro[0m:[93m34[0m:[93m3[0m - [93mwarning[0m[90m ts(6385): [0m'Figma' is deprecated.

[7m34[0m   Figma,
[7m  [0m [93m  ~~~~~[0m
[96msrc/pages/features1.astro[0m:[93m20[0m:[93m3[0m - [93mwarning[0m[90m ts(6133): [0m'Globe' is declared but its value is never read.

[7m20[0m   Globe,
[7m  [0m [93m  ~~~~~[0m

[96msrc/pages/index.astro[0m:[93m2102[0m:[93m14[0m - [93mwarning[0m[90m ts(6385): [0m'Github' is deprecated.

[7m2102[0m             <Github
[7m    [0m [93m             ~~~~~~[0m
[96msrc/pages/index.astro[0m:[93m514[0m:[93m74[0m - [93mwarning[0m[90m ts(6133): [0m'index' is declared but its value is never read.

[7m514[0m         {outerOrbits.map(({ startAngle, duration, logo, name, caption }, index) => (
[7m   [0m [93m                                                                         ~~~~~[0m
[96msrc/pages/index.astro[0m:[93m486[0m:[93m74[0m - [93mwarning[0m[90m ts(6133): [0m'index' is declared but its value is never read.

[7m486[0m         {innerOrbits.map(({ startAngle, duration, logo, name, caption }, index) => (
[7m   [0m [93m                                                                         ~~~~~[0m
[96msrc/pages/index.astro[0m:[93m24[0m:[93m3[0m - [93mwarning[0m[90m ts(6133): [0m'Coins' is declared but its value is never read.

[7m24[0m   Coins,
[7m  [0m [93m  ~~~~~[0m
[96msrc/pages/index.astro[0m:[93m23[0m:[93m3[0m - [93mwarning[0m[90m ts(6133): [0m'Brain' is declared but its value is never read.

[7m23[0m   Brain,
[7m  [0m [93m  ~~~~~[0m
[96msrc/pages/index.astro[0m:[93m22[0m:[93m3[0m - [93mwarning[0m[90m ts(6133): [0m'Activity' is declared but its value is never read.

[7m22[0m   Activity,
[7m  [0m [93m  ~~~~~~~~[0m
[96msrc/pages/index.astro[0m:[93m21[0m:[93m3[0m - [93mwarning[0m[90m ts(6133): [0m'GitBranch' is declared but its value is never read.

[7m21[0m   GitBranch,
[7m  [0m [93m  ~~~~~~~~~[0m
[96msrc/pages/index.astro[0m:[93m20[0m:[93m3[0m - [93mwarning[0m[90m ts(6133): [0m'Box' is declared but its value is never read.

[7m20[0m   Box,
[7m  [0m [93m  ~~~[0m
[96msrc/pages/index.astro[0m:[93m16[0m:[93m3[0m - [93mwarning[0m[90m ts(6385): [0m'Github' is deprecated.

[7m16[0m   Github,
[7m  [0m [93m  ~~~~~~[0m

[96msrc/pages/indexold.astro[0m:[93m1568[0m:[93m14[0m - [93mwarning[0m[90m ts(6385): [0m'Github' is deprecated.

[7m1568[0m             <Github
[7m    [0m [93m             ~~~~~~[0m
[96msrc/pages/indexold.astro[0m:[93m276[0m:[93m74[0m - [93mwarning[0m[90m ts(6133): [0m'index' is declared but its value is never read.

[7m276[0m         {outerOrbits.map(({ startAngle, duration, logo, name, caption }, index) => (
[7m   [0m [93m                                                                         ~~~~~[0m
[96msrc/pages/indexold.astro[0m:[93m248[0m:[93m74[0m - [93mwarning[0m[90m ts(6133): [0m'index' is declared but its value is never read.

[7m248[0m         {innerOrbits.map(({ startAngle, duration, logo, name, caption }, index) => (
[7m   [0m [93m                                                                         ~~~~~[0m
[96msrc/pages/indexold.astro[0m:[93m36[0m:[93m3[0m - [93mwarning[0m[90m ts(6133): [0m'Building2' is declared but its value is never read.

[7m36[0m   Building2,
[7m  [0m [93m  ~~~~~~~~~[0m
[96msrc/pages/indexold.astro[0m:[93m24[0m:[93m3[0m - [93mwarning[0m[90m ts(6133): [0m'Coins' is declared but its value is never read.

[7m24[0m   Coins,
[7m  [0m [93m  ~~~~~[0m
[96msrc/pages/indexold.astro[0m:[93m23[0m:[93m3[0m - [93mwarning[0m[90m ts(6133): [0m'Brain' is declared but its value is never read.

[7m23[0m   Brain,
[7m  [0m [93m  ~~~~~[0m
[96msrc/pages/indexold.astro[0m:[93m22[0m:[93m3[0m - [93mwarning[0m[90m ts(6133): [0m'Activity' is declared but its value is never read.

[7m22[0m   Activity,
[7m  [0m [93m  ~~~~~~~~[0m
[96msrc/pages/indexold.astro[0m:[93m21[0m:[93m3[0m - [93mwarning[0m[90m ts(6133): [0m'GitBranch' is declared but its value is never read.

[7m21[0m   GitBranch,
[7m  [0m [93m  ~~~~~~~~~[0m
[96msrc/pages/indexold.astro[0m:[93m20[0m:[93m3[0m - [93mwarning[0m[90m ts(6133): [0m'Box' is declared but its value is never read.

[7m20[0m   Box,
[7m  [0m [93m  ~~~[0m
[96msrc/pages/indexold.astro[0m:[93m19[0m:[93m3[0m - [93mwarning[0m[90m ts(6133): [0m'Users' is declared but its value is never read.

[7m19[0m   Users,
[7m  [0m [93m  ~~~~~[0m
[96msrc/pages/indexold.astro[0m:[93m16[0m:[93m3[0m - [93mwarning[0m[90m ts(6385): [0m'Github' is deprecated.

[7m16[0m   Github,
[7m  [0m [93m  ~~~~~~[0m

[96msrc/pages/language.astro[0m:[93m37[0m:[93m3[0m - [93mwarning[0m[90m ts(6133): [0m'BarChart' is declared but its value is never read.

[7m37[0m   BarChart,
[7m  [0m [93m  ~~~~~~~~[0m
[96msrc/pages/language.astro[0m:[93m26[0m:[93m3[0m - [93mwarning[0m[90m ts(6133): [0m'Activity' is declared but its value is never read.

[7m26[0m   Activity,
[7m  [0m [93m  ~~~~~~~~[0m
[96msrc/pages/language.astro[0m:[93m25[0m:[93m3[0m - [93mwarning[0m[90m ts(6133): [0m'GitBranch' is declared but its value is never read.

[7m25[0m   GitBranch,
[7m  [0m [93m  ~~~~~~~~~[0m
[96msrc/pages/language.astro[0m:[93m24[0m:[93m3[0m - [93mwarning[0m[90m ts(6133): [0m'Box' is declared but its value is never read.

[7m24[0m   Box,
[7m  [0m [93m  ~~~[0m

[96msrc/pages/software.astro[0m:[93m573[0m:[93m14[0m - [93mwarning[0m[90m ts(6385): [0m'Github' is deprecated.

[7m573[0m             <Github className="mr-2 h-6 w-6" />
[7m   [0m [93m             ~~~~~~[0m
[96msrc/pages/software.astro[0m:[93m56[0m:[93m16[0m - [93mwarning[0m[90m ts(6385): [0m'Github' is deprecated.

[7m56[0m               <Github className="mr-2 h-5 w-5" />
[7m  [0m [93m               ~~~~~~[0m
[96msrc/pages/software.astro[0m:[93m7[0m:[93m3[0m - [93mwarning[0m[90m ts(6385): [0m'Github' is deprecated.

[7m7[0m   Github,
[7m [0m [93m  ~~~~~~[0m

[96msrc/pages/websites.astro[0m:[93m7[0m:[93m3[0m - [93mwarning[0m[90m ts(6133): [0m'Globe' is declared but its value is never read.

[7m7[0m   Globe,
[7m [0m [93m  ~~~~~[0m

[96msrc/pages/account/settings.astro[0m:[93m211[0m:[93m15[0m - [93mwarning[0m[90m ts(6133): [0m'name' is declared but its value is never read.

[7m211[0m         const name = formData.get('name') as string;
[7m   [0m [93m              ~~~~[0m
[96msrc/pages/account/settings.astro[0m:[93m190[0m:[93m9[0m - [93mwarning[0m[90m ts(6133): [0m'client' is declared but its value is never read.

[7m190[0m   const client = new ConvexHttpClient(convexUrl);
[7m   [0m [93m        ~~~~~~[0m
[96msrc/pages/account/settings.astro[0m:[93m186[0m:[93m3[0m - [93mwarning[0m[90m ts(6133): [0m'api' is declared but its value is never read.

[7m186[0m   import { api } from '@/lib/convex-api';
[7m   [0m [93m  ~~~~~~~~~~~~~~~~~~~~~~~~~~~~~~~~~~~~~~~[0m

[96msrc/pages/group/[slug].astro[0m:[93m63[0m:[93m14[0m - [91merror[0m[90m ts(7053): [0mElement implicitly has an 'any' type because expression of type 'any' can't be used to index type '{ friend_circle: string; business: string; community: string; dao: string; government: string; organization: string; }'.

[7m63[0m             {groupTypeLabels[group.type]}
[7m  [0m [91m             ~~~~~~~~~~~~~~~~~~~~~~~~~~~[0m
[96msrc/pages/group/[slug].astro[0m:[93m33[0m:[93m45[0m - [91merror[0m[90m ts(2339): [0mProperty 'queries' does not exist on type '{ things: { list: () => never; get: () => never; }; connections: { list: () => never; }; groups: { list: () => never; get: () => never; }; }'.

[7m33[0m const recentEvents = await convex.query(api.queries.groups.getEventsInHierarchy, {
[7m  [0m [91m                                            ~~~~~~~[0m
[96msrc/pages/group/[slug].astro[0m:[93m27[0m:[93m38[0m - [91merror[0m[90m ts(2339): [0mProperty 'queries' does not exist on type '{ things: { list: () => never; get: () => never; }; connections: { list: () => never; }; groups: { list: () => never; get: () => never; }; }'.

[7m27[0m const stats = await convex.query(api.queries.groups.getStats, {
[7m  [0m [91m                                     ~~~~~~~[0m
[96msrc/pages/group/[slug].astro[0m:[93m20[0m:[93m38[0m - [91merror[0m[90m ts(2339): [0mProperty 'queries' does not exist on type '{ things: { list: () => never; get: () => never; }; connections: { list: () => never; }; groups: { list: () => never; get: () => never; }; }'.

[7m20[0m const group = await convex.query(api.queries.groups.getBySlug, { slug });
[7m  [0m [91m                                     ~~~~~~~[0m

[96msrc/pages/group/[slug]/settings.astro[0m:[93m24[0m:[93m38[0m - [91merror[0m[90m ts(2339): [0mProperty 'queries' does not exist on type '{ things: { list: () => never; get: () => never; }; connections: { list: () => never; }; groups: { list: () => never; get: () => never; }; }'.

[7m24[0m const group = await convex.query(api.queries.groups.getBySlug, { slug });
[7m  [0m [91m                                     ~~~~~~~[0m

[96msrc/pages/groups/index.astro[0m:[93m209[0m:[93m71[0m - [91merror[0m[90m ts(7053): [0mElement implicitly has an 'any' type because expression of type 'any' can't be used to index type '{ friend_circle: string; business: string; community: string; dao: string; government: string; organization: string; }'.

[7m209[0m                   <Badge variant="secondary" className="font-medium">{groupTypeLabels[group.type]}</Badge>
[7m   [0m [91m                                                                      ~~~~~~~~~~~~~~~~~~~~~~~~~~~[0m
[96msrc/pages/groups/index.astro[0m:[93m199[0m:[93m45[0m - [91merror[0m[90m ts(7053): [0mElement implicitly has an 'any' type because expression of type 'any' can't be used to index type '{ friend_circle: string; business: string; community: string; dao: string; government: string; organization: string; }'.

[7m199[0m                     <span class="text-2xl">{groupTypeIcons[group.type]}</span>
[7m   [0m [91m                                            ~~~~~~~~~~~~~~~~~~~~~~~~~~[0m
[96msrc/pages/groups/index.astro[0m:[93m192[0m:[93m30[0m - [91merror[0m[90m ts(7006): [0mParameter 'group' implicitly has an 'any' type.

[7m192[0m           {publicGroups.map((group) => (
[7m   [0m [91m                             ~~~~~[0m
[96msrc/pages/groups/index.astro[0m:[93m15[0m:[93m42[0m - [91merror[0m[90m ts(2339): [0mProperty 'queries' does not exist on type '{ things: { list: () => never; get: () => never; }; connections: { list: () => never; }; groups: { list: () => never; get: () => never; }; }'.

[7m15[0m const allGroups = await convex.query(api.queries.groups.list, {
[7m  [0m [91m                                         ~~~~~~~[0m

[96msrc/pages/stream/index.astro[0m:[93m35[0m:[93m10[0m - [93mwarning[0m[90m ts(6133): [0m'getRelativeTime' is declared but its value is never read.

[7m35[0m function getRelativeTime(date: Date): string {
[7m  [0m [93m         ~~~~~~~~~~~~~~~[0m
[96msrc/pages/stream/index.astro[0m:[93m6[0m:[93m42[0m - [93mwarning[0m[90m ts(6133): [0m'User' is declared but its value is never read.

[7m6[0m import { Activity, Clock, FileText, Tag, User, Grid, List } from 'lucide-react';
[7m [0m [93m                                         ~~~~[0m
[96msrc/pages/stream/index.astro[0m:[93m6[0m:[93m37[0m - [93mwarning[0m[90m ts(6133): [0m'Tag' is declared but its value is never read.

[7m6[0m import { Activity, Clock, FileText, Tag, User, Grid, List } from 'lucide-react';
[7m [0m [93m                                    ~~~[0m
[96msrc/pages/stream/index.astro[0m:[93m6[0m:[93m27[0m - [93mwarning[0m[90m ts(6133): [0m'FileText' is declared but its value is never read.

[7m6[0m import { Activity, Clock, FileText, Tag, User, Grid, List } from 'lucide-react';
[7m [0m [93m                          ~~~~~~~~[0m
[96msrc/pages/stream/index.astro[0m:[93m5[0m:[93m39[0m - [93mwarning[0m[90m ts(6133): [0m'CardDescription' is declared but its value is never read.

[7m5[0m import { Card, CardHeader, CardTitle, CardDescription, CardContent } from '@/components/ui/card';
[7m [0m [93m                                      ~~~~~~~~~~~~~~~[0m
[96msrc/pages/stream/index.astro[0m:[93m5[0m:[93m28[0m - [93mwarning[0m[90m ts(6133): [0m'CardTitle' is declared but its value is never read.

[7m5[0m import { Card, CardHeader, CardTitle, CardDescription, CardContent } from '@/components/ui/card';
[7m [0m [93m                           ~~~~~~~~~[0m
[96msrc/pages/stream/index.astro[0m:[93m5[0m:[93m16[0m - [93mwarning[0m[90m ts(6133): [0m'CardHeader' is declared but its value is never read.

[7m5[0m import { Card, CardHeader, CardTitle, CardDescription, CardContent } from '@/components/ui/card';
[7m [0m [93m               ~~~~~~~~~~[0m

[96msrc/providers/BetterAuthProvider.ts[0m:[93m289[0m:[93m17[0m - [93mwarning[0m[90m ts(6133): [0m'args' is declared but its value is never read.

[7m289[0m     verify2FA: (args: Verify2FAArgs) =>
[7m   [0m [93m                ~~~~[0m

[96msrc/providers/ConvexProvider.ts[0m:[93m13[0m:[93m1[0m - [93mwarning[0m[90m ts(6133): [0m'FunctionReference' is declared but its value is never read.

[7m13[0m import type { FunctionReference } from "convex/server";
[7m  [0m [93m~~~~~~~~~~~~~~~~~~~~~~~~~~~~~~~~~~~~~~~~~~~~~~~~~~~~~~~[0m

[96msrc/providers/DataProvider.ts[0m:[93m12[0m:[93m1[0m - [93mwarning[0m[90m ts(6133): [0m'Id' is declared but its value is never read.

[7m12[0m import type { Id } from "@/types/convex";
[7m  [0m [93m~~~~~~~~~~~~~~~~~~~~~~~~~~~~~~~~~~~~~~~~~[0m

[96msrc/providers/factory.ts[0m:[93m86[0m:[93m13[0m - [93mwarning[0m[90m ts(6133): [0m'_exhaustive' is declared but its value is never read.

[7m86[0m       const _exhaustive: never = config;
[7m  [0m [93m            ~~~~~~~~~~~[0m
[96msrc/providers/factory.ts[0m:[93m16[0m:[93m37[0m - [93mwarning[0m[90m ts(6133): [0m'ConvexProviderConfig' is declared but its value is never read.

[7m16[0m import { createConvexProvider, type ConvexProviderConfig } from "./ConvexProvider";
[7m  [0m [93m                                    ~~~~~~~~~~~~~~~~~~~~[0m

[96msrc/providers/examples/usage.ts[0m:[93m427[0m:[93m34[0m - [93mwarning[0m[90m ts(6133): [0m'text' is declared but its value is never read.

[7m427[0m const mockEmbedFunction = async (text: string): Promise<number[]> => {
[7m   [0m [93m                                 ~~~~[0m
[96msrc/providers/examples/usage.ts[0m:[93m427[0m:[93m7[0m - [93mwarning[0m[90m ts(6133): [0m'mockEmbedFunction' is declared but its value is never read.

[7m427[0m const mockEmbedFunction = async (text: string): Promise<number[]> => {
[7m   [0m [93m      ~~~~~~~~~~~~~~~~~[0m
[96msrc/providers/examples/usage.ts[0m:[93m10[0m:[93m29[0m - [93mwarning[0m[90m ts(6133): [0m'CompositeProviderLive' is declared but its value is never read.

[7m10[0m import { compositeProvider, CompositeProviderLive } from "../composite/CompositeProvider";
[7m  [0m [93m                            ~~~~~~~~~~~~~~~~~~~~~[0m
[96msrc/providers/examples/usage.ts[0m:[93m8[0m:[93m26[0m - [93mwarning[0m[90m ts(6133): [0m'ConvexProviderLive' is declared but its value is never read.

[7m8[0m import { convexProvider, ConvexProviderLive } from "../convex/ConvexProvider";
[7m [0m [93m                         ~~~~~~~~~~~~~~~~~~[0m

[96msrc/providers/notion/NotionProvider.ts[0m:[93m720[0m:[93m37[0m - [93mwarning[0m[90m ts(6133): [0m'options' is declared but its value is never read.

[7m720[0m       search: (embedding: number[], options?: SearchKnowledgeOptions) =>
[7m   [0m [93m                                    ~~~~~~~[0m
[96msrc/providers/notion/NotionProvider.ts[0m:[93m720[0m:[93m16[0m - [93mwarning[0m[90m ts(6133): [0m'embedding' is declared but its value is never read.

[7m720[0m       search: (embedding: number[], options?: SearchKnowledgeOptions) =>
[7m   [0m [93m               ~~~~~~~~~[0m
[96msrc/providers/notion/NotionProvider.ts[0m:[93m715[0m:[93m52[0m - [93mwarning[0m[90m ts(6133): [0m'role' is declared but its value is never read.

[7m715[0m       link: (thingId: string, knowledgeId: string, role?: ThingKnowledge["role"]) =>
[7m   [0m [93m                                                   ~~~~[0m
[96msrc/providers/notion/NotionProvider.ts[0m:[93m715[0m:[93m31[0m - [93mwarning[0m[90m ts(6133): [0m'knowledgeId' is declared but its value is never read.

[7m715[0m       link: (thingId: string, knowledgeId: string, role?: ThingKnowledge["role"]) =>
[7m   [0m [93m                              ~~~~~~~~~~~[0m
[96msrc/providers/notion/NotionProvider.ts[0m:[93m715[0m:[93m14[0m - [93mwarning[0m[90m ts(6133): [0m'thingId' is declared but its value is never read.

[7m715[0m       link: (thingId: string, knowledgeId: string, role?: ThingKnowledge["role"]) =>
[7m   [0m [93m             ~~~~~~~[0m
[96msrc/providers/notion/NotionProvider.ts[0m:[93m710[0m:[93m16[0m - [93mwarning[0m[90m ts(6133): [0m'input' is declared but its value is never read.

[7m710[0m       create: (input: CreateKnowledgeInput) =>
[7m   [0m [93m               ~~~~~[0m
[96msrc/providers/notion/NotionProvider.ts[0m:[93m707[0m:[93m14[0m - [93mwarning[0m[90m ts(6133): [0m'options' is declared but its value is never read.

[7m707[0m       list: (options?: SearchKnowledgeOptions) =>
[7m   [0m [93m             ~~~~~~~[0m
[96msrc/providers/notion/NotionProvider.ts[0m:[93m690[0m:[93m16[0m - [93mwarning[0m[90m ts(6133): [0m'input' is declared but its value is never read.

[7m690[0m       create: (input: CreateEventInput) =>
[7m   [0m [93m               ~~~~~[0m
[96msrc/providers/notion/NotionProvider.ts[0m:[93m687[0m:[93m14[0m - [93mwarning[0m[90m ts(6133): [0m'options' is declared but its value is never read.

[7m687[0m       list: (options?: ListEventsOptions) =>
[7m   [0m [93m             ~~~~~~~[0m
[96msrc/providers/notion/NotionProvider.ts[0m:[93m682[0m:[93m13[0m - [93mwarning[0m[90m ts(6133): [0m'id' is declared but its value is never read.

[7m682[0m       get: (id: string) =>
[7m   [0m [93m            ~~[0m
[96msrc/providers/notion/NotionProvider.ts[0m:[93m130[0m:[93m17[0m - [93mwarning[0m[90m ts(6133): [0m'key' is declared but its value is never read.

[7m130[0m     for (const [key, value] of Object.entries(properties)) {
[7m   [0m [93m                ~~~[0m
[96msrc/providers/notion/NotionProvider.ts[0m:[93m26[0m:[93m3[0m - [93mwarning[0m[90m ts(6196): [0m'Knowledge' is declared but never used.

[7m26[0m   Knowledge,
[7m  [0m [93m  ~~~~~~~~~[0m
[96msrc/providers/notion/NotionProvider.ts[0m:[93m25[0m:[93m3[0m - [93mwarning[0m[90m ts(6196): [0m'Event' is declared but never used.

[7m25[0m   Event,
[7m  [0m [93m  ~~~~~[0m
[96msrc/providers/notion/NotionProvider.ts[0m:[93m18[0m:[93m3[0m - [93mwarning[0m[90m ts(6196): [0m'DatabaseObjectResponse' is declared but never used.

[7m18[0m   DatabaseObjectResponse,
[7m  [0m [93m  ~~~~~~~~~~~~~~~~~~~~~~[0m

[96msrc/providers/wordpress/WordPressProvider.ts[0m:[93m368[0m:[93m20[0m - [93mwarning[0m[90m ts(6133): [0m'args' is declared but its value is never read.

[7m368[0m       disable2FA: (args) =>
[7m   [0m [93m                   ~~~~[0m
[96msrc/providers/wordpress/WordPressProvider.ts[0m:[93m366[0m:[93m19[0m - [93mwarning[0m[90m ts(6133): [0m'args' is declared but its value is never read.

[7m366[0m       verify2FA: (args) =>
[7m   [0m [93m                  ~~~~[0m
[96msrc/providers/wordpress/WordPressProvider.ts[0m:[93m360[0m:[93m21[0m - [93mwarning[0m[90m ts(6133): [0m'args' is declared but its value is never read.

[7m360[0m       verifyEmail: (args) =>
[7m   [0m [93m                    ~~~~[0m
[96msrc/providers/wordpress/WordPressProvider.ts[0m:[93m358[0m:[93m31[0m - [93mwarning[0m[90m ts(6133): [0m'args' is declared but its value is never read.

[7m358[0m       passwordResetComplete: (args) =>
[7m   [0m [93m                              ~~~~[0m
[96msrc/providers/wordpress/WordPressProvider.ts[0m:[93m356[0m:[93m23[0m - [93mwarning[0m[90m ts(6133): [0m'args' is declared but its value is never read.

[7m356[0m       passwordReset: (args) =>
[7m   [0m [93m                      ~~~~[0m
[96msrc/providers/wordpress/WordPressProvider.ts[0m:[93m354[0m:[93m23[0m - [93mwarning[0m[90m ts(6133): [0m'args' is declared but its value is never read.

[7m354[0m       magicLinkAuth: (args) =>
[7m   [0m [93m                      ~~~~[0m
[96msrc/providers/wordpress/WordPressProvider.ts[0m:[93m348[0m:[93m16[0m - [93mwarning[0m[90m ts(6133): [0m'args' is declared but its value is never read.

[7m348[0m       signup: (args) =>
[7m   [0m [93m               ~~~~[0m
[96msrc/providers/wordpress/WordPressProvider.ts[0m:[93m346[0m:[93m15[0m - [93mwarning[0m[90m ts(6133): [0m'args' is declared but its value is never read.

[7m346[0m       login: (args) =>
[7m   [0m [93m              ~~~~[0m
[96msrc/providers/wordpress/WordPressProvider.ts[0m:[93m336[0m:[93m37[0m - [93mwarning[0m[90m ts(6133): [0m'options' is declared but its value is never read.

[7m336[0m       search: (embedding: number[], options?: SearchKnowledgeOptions) =>
[7m   [0m [93m                                    ~~~~~~~[0m
[96msrc/providers/wordpress/WordPressProvider.ts[0m:[93m336[0m:[93m16[0m - [93mwarning[0m[90m ts(6133): [0m'embedding' is declared but its value is never read.

[7m336[0m       search: (embedding: number[], options?: SearchKnowledgeOptions) =>
[7m   [0m [93m               ~~~~~~~~~[0m
[96msrc/providers/wordpress/WordPressProvider.ts[0m:[93m331[0m:[93m52[0m - [93mwarning[0m[90m ts(6133): [0m'role' is declared but its value is never read.

[7m331[0m       link: (thingId: string, knowledgeId: string, role?: any) =>
[7m   [0m [93m                                                   ~~~~[0m
[96msrc/providers/wordpress/WordPressProvider.ts[0m:[93m331[0m:[93m31[0m - [93mwarning[0m[90m ts(6133): [0m'knowledgeId' is declared but its value is never read.

[7m331[0m       link: (thingId: string, knowledgeId: string, role?: any) =>
[7m   [0m [93m                              ~~~~~~~~~~~[0m
[96msrc/providers/wordpress/WordPressProvider.ts[0m:[93m331[0m:[93m14[0m - [93mwarning[0m[90m ts(6133): [0m'thingId' is declared but its value is never read.

[7m331[0m       link: (thingId: string, knowledgeId: string, role?: any) =>
[7m   [0m [93m             ~~~~~~~[0m
[96msrc/providers/wordpress/WordPressProvider.ts[0m:[93m326[0m:[93m16[0m - [93mwarning[0m[90m ts(6133): [0m'input' is declared but its value is never read.

[7m326[0m       create: (input: CreateKnowledgeInput) =>
[7m   [0m [93m               ~~~~~[0m
[96msrc/providers/wordpress/WordPressProvider.ts[0m:[93m317[0m:[93m14[0m - [93mwarning[0m[90m ts(6133): [0m'options' is declared but its value is never read.

[7m317[0m       list: (options?: SearchKnowledgeOptions) =>
[7m   [0m [93m             ~~~~~~~[0m
[96msrc/providers/wordpress/WordPressProvider.ts[0m:[93m296[0m:[93m16[0m - [93mwarning[0m[90m ts(6133): [0m'input' is declared but its value is never read.

[7m296[0m       create: (input: CreateEventInput) =>
[7m   [0m [93m               ~~~~~[0m
[96msrc/providers/wordpress/WordPressProvider.ts[0m:[93m293[0m:[93m14[0m - [93mwarning[0m[90m ts(6133): [0m'options' is declared but its value is never read.

[7m293[0m       list: (options?: ListEventsOptions) =>
[7m   [0m [93m             ~~~~~~~[0m
[96msrc/providers/wordpress/WordPressProvider.ts[0m:[93m290[0m:[93m13[0m - [93mwarning[0m[90m ts(6133): [0m'id' is declared but its value is never read.

[7m290[0m       get: (id: string) =>
[7m   [0m [93m            ~~[0m
[96msrc/providers/wordpress/WordPressProvider.ts[0m:[93m277[0m:[93m16[0m - [93mwarning[0m[90m ts(6133): [0m'input' is declared but its value is never read.

[7m277[0m       create: (input: CreateConnectionInput) =>
[7m   [0m [93m               ~~~~~[0m
[96msrc/providers/wordpress/WordPressProvider.ts[0m:[93m274[0m:[93m14[0m - [93mwarning[0m[90m ts(6133): [0m'options' is declared but its value is never read.

[7m274[0m       list: (options?: ListConnectionsOptions) =>
[7m   [0m [93m             ~~~~~~~[0m
[96msrc/providers/wordpress/WordPressProvider.ts[0m:[93m145[0m:[93m9[0m - [93mwarning[0m[90m ts(6133): [0m'mapUserToThing' is declared but its value is never read.

[7m145[0m   const mapUserToThing = (user: WPUser): Thing => ({
[7m   [0m [93m        ~~~~~~~~~~~~~~[0m
[96msrc/providers/wordpress/WordPressProvider.ts[0m:[93m90[0m:[93m11[0m - [93mwarning[0m[90m ts(6196): [0m'WPTag' is declared but never used.

[7m90[0m interface WPTag {
[7m  [0m [93m          ~~~~~[0m
[96msrc/providers/wordpress/WordPressProvider.ts[0m:[93m29[0m:[93m3[0m - [93mwarning[0m[90m ts(6196): [0m'Event' is declared but never used.

[7m29[0m   Event,
[7m  [0m [93m  ~~~~~[0m
[96msrc/providers/wordpress/WordPressProvider.ts[0m:[93m28[0m:[93m3[0m - [93mwarning[0m[90m ts(6196): [0m'Connection' is declared but never used.

[7m28[0m   Connection,
[7m  [0m [93m  ~~~~~~~~~~[0m

[96msrc/providers/wordpress/WordPressProviderEnhanced.ts[0m:[93m741[0m:[93m37[0m - [93mwarning[0m[90m ts(6133): [0m'options' is declared but its value is never read.

[7m741[0m       search: (embedding: number[], options?: SearchKnowledgeOptions) =>
[7m   [0m [93m                                    ~~~~~~~[0m
[96msrc/providers/wordpress/WordPressProviderEnhanced.ts[0m:[93m741[0m:[93m16[0m - [93mwarning[0m[90m ts(6133): [0m'embedding' is declared but its value is never read.

[7m741[0m       search: (embedding: number[], options?: SearchKnowledgeOptions) =>
[7m   [0m [93m               ~~~~~~~~~[0m
[96msrc/providers/wordpress/WordPressProviderEnhanced.ts[0m:[93m736[0m:[93m52[0m - [93mwarning[0m[90m ts(6133): [0m'role' is declared but its value is never read.

[7m736[0m       link: (thingId: string, knowledgeId: string, role?: ThingKnowledge["role"]) =>
[7m   [0m [93m                                                   ~~~~[0m
[96msrc/providers/wordpress/WordPressProviderEnhanced.ts[0m:[93m736[0m:[93m31[0m - [93mwarning[0m[90m ts(6133): [0m'knowledgeId' is declared but its value is never read.

[7m736[0m       link: (thingId: string, knowledgeId: string, role?: ThingKnowledge["role"]) =>
[7m   [0m [93m                              ~~~~~~~~~~~[0m
[96msrc/providers/wordpress/WordPressProviderEnhanced.ts[0m:[93m736[0m:[93m14[0m - [93mwarning[0m[90m ts(6133): [0m'thingId' is declared but its value is never read.

[7m736[0m       link: (thingId: string, knowledgeId: string, role?: ThingKnowledge["role"]) =>
[7m   [0m [93m             ~~~~~~~[0m
[96msrc/providers/wordpress/WordPressProviderEnhanced.ts[0m:[93m384[0m:[93m9[0m - [93mwarning[0m[90m ts(6133): [0m'mapONERoleToWP' is declared but its value is never read.

[7m384[0m   const mapONERoleToWP = (oneRole: string): string => {
[7m   [0m [93m        ~~~~~~~~~~~~~~[0m
[96msrc/providers/wordpress/WordPressProviderEnhanced.ts[0m:[93m19[0m:[93m3[0m - [93mwarning[0m[90m ts(6196): [0m'Knowledge' is declared but never used.

[7m19[0m   Knowledge,
[7m  [0m [93m  ~~~~~~~~~[0m
[96msrc/providers/wordpress/WordPressProviderEnhanced.ts[0m:[93m18[0m:[93m3[0m - [93mwarning[0m[90m ts(6196): [0m'Event' is declared but never used.

[7m18[0m   Event,
[7m  [0m [93m  ~~~~~[0m
[96msrc/providers/wordpress/WordPressProviderEnhanced.ts[0m:[93m17[0m:[93m3[0m - [93mwarning[0m[90m ts(6196): [0m'Connection' is declared but never used.

[7m17[0m   Connection,
[7m  [0m [93m  ~~~~~~~~~~[0m

[96msrc/services/ConfigService.ts[0m:[93m322[0m:[93m21[0m - [93mwarning[0m[90m ts(6133): [0m'provider' is declared but its value is never read.

[7m322[0m               const provider = createDataProvider(newConfig);
[7m   [0m [93m                    ~~~~~~~~[0m
[96msrc/services/ConfigService.ts[0m:[93m320[0m:[93m17[0m - [93mwarning[0m[90m ts(6133): [0m'testResult' is declared but its value is never read.

[7m320[0m           const testResult = yield* Effect.tryPromise({
[7m   [0m [93m                ~~~~~~~~~~[0m
[96msrc/services/ConfigService.ts[0m:[93m282[0m:[93m17[0m - [93mwarning[0m[90m ts(6133): [0m'provider' is declared but its value is never read.

[7m282[0m           const provider = createDataProvider(config);
[7m   [0m [93m                ~~~~~~~~[0m
[96msrc/services/ConfigService.ts[0m:[93m33[0m:[93m8[0m - [93mwarning[0m[90m ts(6133): [0m'EncryptionKeyError' is declared but its value is never read.

[7m33[0m   type EncryptionKeyError,
[7m  [0m [93m       ~~~~~~~~~~~~~~~~~~[0m
[96msrc/services/ConfigService.ts[0m:[93m31[0m:[93m3[0m - [93mwarning[0m[90m ts(6133): [0m'validateEncryptionKey' is declared but its value is never read.

[7m31[0m   validateEncryptionKey,
[7m  [0m [93m  ~~~~~~~~~~~~~~~~~~~~~[0m

[96msrc/templates/ecommerce/lib/cart.ts[0m:[93m2[0m:[93m31[0m - [91merror[0m[90m ts(2307): [0mCannot find module '@/types/products' or its corresponding type declarations.

[7m2[0m import type { CartItem } from '@/types/products';
[7m [0m [91m                              ~~~~~~~~~~~~~~~~~~[0m

[96msrc/templates/ecommerce/lib/products.ts[0m:[93m1[0m:[93m30[0m - [91merror[0m[90m ts(2307): [0mCannot find module '@/types/products' or its corresponding type declarations.

[7m1[0m import type { Product } from '@/types/products';
[7m [0m [91m                             ~~~~~~~~~~~~~~~~~~[0m

[96msrc/templates/ecommerce/pages/index.astro[0m:[93m183[0m:[93m26[0m - [91merror[0m[90m ts(7006): [0mParameter 'product' implicitly has an 'any' type.

[7m183[0m           saleItems.map((product) => (
[7m   [0m [91m                         ~~~~~~~[0m
[96msrc/templates/ecommerce/pages/index.astro[0m:[93m119[0m:[93m28[0m - [91merror[0m[90m ts(7006): [0mParameter 'product' implicitly has an 'any' type.

[7m119[0m           newArrivals.map((product) => (
[7m   [0m [91m                           ~~~~~~~[0m
[96msrc/templates/ecommerce/pages/index.astro[0m:[93m40[0m:[93m36[0m - [91merror[0m[90m ts(2322): [0mType '{ children: string; variant: "outline"; class: string; }' is not assignable to type 'IntrinsicAttributes & BadgeProps'.
  Property 'class' does not exist on type 'IntrinsicAttributes & BadgeProps'. Did you mean 'className'?

[7m40[0m           <Badge variant="outline" class="text-sm font-semibold uppercase tracking-wider px-6 py-2 bg-background/80 backdrop-blur border-primary/30">
[7m  [0m [91m                                   ~~~~~[0m
[96msrc/templates/ecommerce/pages/index.astro[0m:[93m17[0m:[93m36[0m - [91merror[0m[90m ts(7006): [0mParameter 'p' implicitly has an 'any' type.

[7m17[0m const saleItems = products.filter((p) => p.isSale).slice(0, 4);
[7m  [0m [91m                                   ~[0m
[96msrc/templates/ecommerce/pages/index.astro[0m:[93m16[0m:[93m38[0m - [91merror[0m[90m ts(7006): [0mParameter 'p' implicitly has an 'any' type.

[7m16[0m const newArrivals = products.filter((p) => p.isNew).slice(0, 4);
[7m  [0m [91m                                     ~[0m
[96msrc/templates/ecommerce/pages/index.astro[0m:[93m12[0m:[93m26[0m - [91merror[0m[90m ts(2307): [0mCannot find module '@/lib/products' or its corresponding type declarations.

[7m12[0m import { products } from '@/lib/products';
[7m  [0m [91m                         ~~~~~~~~~~~~~~~~[0m
[96msrc/templates/ecommerce/pages/index.astro[0m:[93m2[0m:[93m20[0m - [91merror[0m[90m ts(2307): [0mCannot find module '../layouts/Layout.astro' or its corresponding type declarations.

[7m2[0m import Layout from '../layouts/Layout.astro';
[7m [0m [91m                   ~~~~~~~~~~~~~~~~~~~~~~~~~[0m
[96msrc/templates/ecommerce/pages/index.astro[0m:[93m9[0m:[93m3[0m - [93mwarning[0m[90m ts(6133): [0m'CardContent' is declared but its value is never read.

[7m9[0m   CardContent,
[7m [0m [93m  ~~~~~~~~~~~[0m

[96msrc/templates/ecommerce/pages/shop.astro[0m:[93m140[0m:[93m50[0m - [91merror[0m[90m ts(2322): [0mType '{ children: any; variant: "outline"; class: string; }' is not assignable to type 'IntrinsicAttributes & BadgeProps'.
  Property 'class' does not exist on type 'IntrinsicAttributes & BadgeProps'. Did you mean 'className'?

[7m140[0m                         <Badge variant="outline" class="text-xs">
[7m   [0m [91m                                                 ~~~~~[0m
[96msrc/templates/ecommerce/pages/shop.astro[0m:[93m139[0m:[93m56[0m - [91merror[0m[90m ts(7006): [0mParameter 'color' implicitly has an 'any' type.

[7m139[0m                       {product.colors.slice(0, 4).map((color) => (
[7m   [0m [91m                                                       ~~~~~[0m
[96msrc/templates/ecommerce/pages/shop.astro[0m:[93m121[0m:[93m38[0m - [91merror[0m[90m ts(2322): [0mType '{ children: any; class: string; }' is not assignable to type 'IntrinsicAttributes & HTMLAttributes<HTMLDivElement> & RefAttributes<HTMLDivElement>'.
  Property 'class' does not exist on type 'IntrinsicAttributes & HTMLAttributes<HTMLDivElement> & RefAttributes<HTMLDivElement>'. Did you mean 'className'?

[7m121[0m                     <CardDescription class="line-clamp-2">
[7m   [0m [91m                                     ~~~~~[0m
[96msrc/templates/ecommerce/pages/shop.astro[0m:[93m117[0m:[93m34[0m - [91merror[0m[90m ts(2322): [0mType '{ children: any; class: string; }' is not assignable to type 'IntrinsicAttributes & HTMLAttributes<HTMLDivElement> & RefAttributes<HTMLDivElement>'.
  Property 'class' does not exist on type 'IntrinsicAttributes & HTMLAttributes<HTMLDivElement> & RefAttributes<HTMLDivElement>'. Did you mean 'className'?

[7m117[0m                       <CardTitle class="text-lg line-clamp-1">
[7m   [0m [91m                                 ~~~~~[0m
[96msrc/templates/ecommerce/pages/shop.astro[0m:[93m115[0m:[93m31[0m - [91merror[0m[90m ts(2322): [0mType '{ children: any[]; class: string; }' is not assignable to type 'IntrinsicAttributes & HTMLAttributes<HTMLDivElement> & RefAttributes<HTMLDivElement>'.
  Property 'class' does not exist on type 'IntrinsicAttributes & HTMLAttributes<HTMLDivElement> & RefAttributes<HTMLDivElement>'. Did you mean 'className'?

[7m115[0m                   <CardHeader class="space-y-2">
[7m   [0m [91m                              ~~~~~[0m
[96msrc/templates/ecommerce/pages/shop.astro[0m:[93m110[0m:[93m52[0m - [91merror[0m[90m ts(2322): [0mType '{ children: string; variant: "destructive"; class: string; }' is not assignable to type 'IntrinsicAttributes & BadgeProps'.
  Property 'class' does not exist on type 'IntrinsicAttributes & BadgeProps'. Did you mean 'className'?

[7m110[0m                       <Badge variant="destructive" class="absolute top-4 right-4">
[7m   [0m [91m                                                   ~~~~~[0m
[96msrc/templates/ecommerce/pages/shop.astro[0m:[93m105[0m:[93m50[0m - [91merror[0m[90m ts(2322): [0mType '{ children: string; variant: "secondary"; class: string; }' is not assignable to type 'IntrinsicAttributes & BadgeProps'.
  Property 'class' does not exist on type 'IntrinsicAttributes & BadgeProps'. Did you mean 'className'?

[7m105[0m                       <Badge variant="secondary" class="absolute top-4 left-4">
[7m   [0m [91m                                                 ~~~~~[0m
[96msrc/templates/ecommerce/pages/shop.astro[0m:[93m96[0m:[93m23[0m - [91merror[0m[90m ts(2322): [0mType '{ children: any[]; class: string; }' is not assignable to type 'IntrinsicAttributes & HTMLAttributes<HTMLDivElement> & RefAttributes<HTMLDivElement>'.
  Property 'class' does not exist on type 'IntrinsicAttributes & HTMLAttributes<HTMLDivElement> & RefAttributes<HTMLDivElement>'. Did you mean 'className'?

[7m96[0m                 <Card class="group overflow-hidden border-border/50 bg-card/50 backdrop-blur transition-all hover:scale-[1.02] hover:border-primary/20 hover:bg-card hover:shadow-lg hover:shadow-primary/5">
[7m  [0m [91m                      ~~~~~[0m
[96msrc/templates/ecommerce/pages/shop.astro[0m:[93m94[0m:[93m36[0m - [91merror[0m[90m ts(7006): [0mParameter 'product' implicitly has an 'any' type.

[7m94[0m             {filteredProducts.map((product) => (
[7m  [0m [91m                                   ~~~~~~~[0m
[96msrc/templates/ecommerce/pages/shop.astro[0m:[93m84[0m:[93m74[0m - [91merror[0m[90m ts(2322): [0mType '{ children: string; variant: "default" | "outline"; class: string; }' is not assignable to type 'IntrinsicAttributes & BadgeProps'.
  Property 'class' does not exist on type 'IntrinsicAttributes & BadgeProps'. Did you mean 'className'?

[7m84[0m           <Badge variant={category === 'unisex' ? 'default' : 'outline'} class="cursor-pointer px-4 py-2">
[7m  [0m [91m                                                                         ~~~~~[0m
[96msrc/templates/ecommerce/pages/shop.astro[0m:[93m79[0m:[93m73[0m - [91merror[0m[90m ts(2322): [0mType '{ children: string; variant: "default" | "outline"; class: string; }' is not assignable to type 'IntrinsicAttributes & BadgeProps'.
  Property 'class' does not exist on type 'IntrinsicAttributes & BadgeProps'. Did you mean 'className'?

[7m79[0m           <Badge variant={category === 'women' ? 'default' : 'outline'} class="cursor-pointer px-4 py-2">
[7m  [0m [91m                                                                        ~~~~~[0m
[96msrc/templates/ecommerce/pages/shop.astro[0m:[93m74[0m:[93m71[0m - [91merror[0m[90m ts(2322): [0mType '{ children: string; variant: "default" | "outline"; class: string; }' is not assignable to type 'IntrinsicAttributes & BadgeProps'.
  Property 'class' does not exist on type 'IntrinsicAttributes & BadgeProps'. Did you mean 'className'?

[7m74[0m           <Badge variant={category === 'men' ? 'default' : 'outline'} class="cursor-pointer px-4 py-2">
[7m  [0m [91m                                                                      ~~~~~[0m
[96msrc/templates/ecommerce/pages/shop.astro[0m:[93m68[0m:[93m74[0m - [91merror[0m[90m ts(2322): [0mType '{ children: string; variant: "destructive" | "outline"; class: string; }' is not assignable to type 'IntrinsicAttributes & BadgeProps'.
  Property 'class' does not exist on type 'IntrinsicAttributes & BadgeProps'. Did you mean 'className'?

[7m68[0m           <Badge variant={filter === 'sale' ? 'destructive' : 'outline'} class="cursor-pointer px-4 py-2">
[7m  [0m [91m                                                                         ~~~~~[0m
[96msrc/templates/ecommerce/pages/shop.astro[0m:[93m63[0m:[93m69[0m - [91merror[0m[90m ts(2322): [0mType '{ children: string; variant: "default" | "outline"; class: string; }' is not assignable to type 'IntrinsicAttributes & BadgeProps'.
  Property 'class' does not exist on type 'IntrinsicAttributes & BadgeProps'. Did you mean 'className'?

[7m63[0m           <Badge variant={filter === 'new' ? 'default' : 'outline'} class="cursor-pointer px-4 py-2">
[7m  [0m [91m                                                                    ~~~~~[0m
[96msrc/templates/ecommerce/pages/shop.astro[0m:[93m58[0m:[93m73[0m - [91merror[0m[90m ts(2322): [0mType '{ children: string; variant: "default" | "outline"; class: string; }' is not assignable to type 'IntrinsicAttributes & BadgeProps'.
  Property 'class' does not exist on type 'IntrinsicAttributes & BadgeProps'. Did you mean 'className'?

[7m58[0m           <Badge variant={!category && !filter ? 'default' : 'outline'} class="cursor-pointer px-4 py-2">
[7m  [0m [91m                                                                        ~~~~~[0m
[96msrc/templates/ecommerce/pages/shop.astro[0m:[93m32[0m:[93m47[0m - [91merror[0m[90m ts(7006): [0mParameter 'p' implicitly has an 'any' type.

[7m32[0m   filteredProducts = filteredProducts.filter((p) => p.isSale);
[7m  [0m [91m                                              ~[0m
[96msrc/templates/ecommerce/pages/shop.astro[0m:[93m30[0m:[93m47[0m - [91merror[0m[90m ts(7006): [0mParameter 'p' implicitly has an 'any' type.

[7m30[0m   filteredProducts = filteredProducts.filter((p) => p.isNew);
[7m  [0m [91m                                              ~[0m
[96msrc/templates/ecommerce/pages/shop.astro[0m:[93m26[0m:[93m47[0m - [91merror[0m[90m ts(7006): [0mParameter 'p' implicitly has an 'any' type.

[7m26[0m   filteredProducts = filteredProducts.filter((p) => p.subcategory === subcategory);
[7m  [0m [91m                                              ~[0m
[96msrc/templates/ecommerce/pages/shop.astro[0m:[93m22[0m:[93m47[0m - [91merror[0m[90m ts(7006): [0mParameter 'p' implicitly has an 'any' type.

[7m22[0m   filteredProducts = filteredProducts.filter((p) => p.category === category);
[7m  [0m [91m                                              ~[0m
[96msrc/templates/ecommerce/pages/shop.astro[0m:[93m10[0m:[93m26[0m - [91merror[0m[90m ts(2307): [0mCannot find module '@/lib/products' or its corresponding type declarations.

[7m10[0m import { products } from '@/lib/products';
[7m  [0m [91m                         ~~~~~~~~~~~~~~~~[0m
[96msrc/templates/ecommerce/pages/shop.astro[0m:[93m2[0m:[93m20[0m - [91merror[0m[90m ts(2307): [0mCannot find module '../layouts/Layout.astro' or its corresponding type declarations.

[7m2[0m import Layout from '../layouts/Layout.astro';
[7m [0m [91m                   ~~~~~~~~~~~~~~~~~~~~~~~~~[0m

[96msrc/templates/ecommerce/pages/product/[id].astro[0m:[93m262[0m:[93m34[0m - [91merror[0m[90m ts(2322): [0mType '{ children: any; class: string; }' is not assignable to type 'IntrinsicAttributes & HTMLAttributes<HTMLDivElement> & RefAttributes<HTMLDivElement>'.
  Property 'class' does not exist on type 'IntrinsicAttributes & HTMLAttributes<HTMLDivElement> & RefAttributes<HTMLDivElement>'. Did you mean 'className'?

[7m262[0m                       <CardTitle class="text-lg line-clamp-1">
[7m   [0m [91m                                 ~~~~~[0m
[96msrc/templates/ecommerce/pages/product/[id].astro[0m:[93m261[0m:[93m33[0m - [91merror[0m[90m ts(2322): [0mType '{ children: any[]; class: string; }' is not assignable to type 'IntrinsicAttributes & HTMLAttributes<HTMLDivElement> & RefAttributes<HTMLDivElement>'.
  Property 'class' does not exist on type 'IntrinsicAttributes & HTMLAttributes<HTMLDivElement> & RefAttributes<HTMLDivElement>'. Did you mean 'className'?

[7m261[0m                     <CardHeader class="space-y-2">
[7m   [0m [91m                                ~~~~~[0m
[96msrc/templates/ecommerce/pages/product/[id].astro[0m:[93m252[0m:[93m25[0m - [91merror[0m[90m ts(2322): [0mType '{ children: any[]; class: string; }' is not assignable to type 'IntrinsicAttributes & HTMLAttributes<HTMLDivElement> & RefAttributes<HTMLDivElement>'.
  Property 'class' does not exist on type 'IntrinsicAttributes & HTMLAttributes<HTMLDivElement> & RefAttributes<HTMLDivElement>'. Did you mean 'className'?

[7m252[0m                   <Card class="group overflow-hidden border-border/50 bg-card/50 backdrop-blur transition-all hover:scale-[1.02] hover:border-primary/20 hover:bg-card hover:shadow-lg hover:shadow-primary/5">
[7m   [0m [91m                        ~~~~~[0m
[96msrc/templates/ecommerce/pages/product/[id].astro[0m:[93m250[0m:[93m37[0m - [91merror[0m[90m ts(7006): [0mParameter 'relatedProduct' implicitly has an 'any' type.

[7m250[0m               {relatedProducts.map((relatedProduct) => (
[7m   [0m [91m                                    ~~~~~~~~~~~~~~[0m
[96msrc/templates/ecommerce/pages/product/[id].astro[0m:[93m230[0m:[93m32[0m - [91merror[0m[90m ts(2322): [0mType '{ children: any; class: string; }' is not assignable to type 'IntrinsicAttributes & HTMLAttributes<HTMLDivElement> & RefAttributes<HTMLDivElement>'.
  Property 'class' does not exist on type 'IntrinsicAttributes & HTMLAttributes<HTMLDivElement> & RefAttributes<HTMLDivElement>'. Did you mean 'className'?

[7m230[0m               <CardDescription class="text-sm leading-relaxed">
[7m   [0m [91m                               ~~~~~[0m
[96msrc/templates/ecommerce/pages/product/[id].astro[0m:[93m229[0m:[93m26[0m - [91merror[0m[90m ts(2322): [0mType '{ children: string; class: string; }' is not assignable to type 'IntrinsicAttributes & HTMLAttributes<HTMLDivElement> & RefAttributes<HTMLDivElement>'.
  Property 'class' does not exist on type 'IntrinsicAttributes & HTMLAttributes<HTMLDivElement> & RefAttributes<HTMLDivElement>'. Did you mean 'className'?

[7m229[0m               <CardTitle class="text-lg">Care Instructions</CardTitle>
[7m   [0m [91m                         ~~~~~[0m
[96msrc/templates/ecommerce/pages/product/[id].astro[0m:[93m227[0m:[93m17[0m - [91merror[0m[90m ts(2322): [0mType '{ children: any; class: string; }' is not assignable to type 'IntrinsicAttributes & HTMLAttributes<HTMLDivElement> & RefAttributes<HTMLDivElement>'.
  Property 'class' does not exist on type 'IntrinsicAttributes & HTMLAttributes<HTMLDivElement> & RefAttributes<HTMLDivElement>'. Did you mean 'className'?

[7m227[0m           <Card class="border-border/50 bg-card/50 backdrop-blur">
[7m   [0m [91m                ~~~~~[0m
[96msrc/templates/ecommerce/pages/product/[id].astro[0m:[93m215[0m:[93m32[0m - [91merror[0m[90m ts(2322): [0mType '{ children: any; class: string; }' is not assignable to type 'IntrinsicAttributes & HTMLAttributes<HTMLDivElement> & RefAttributes<HTMLDivElement>'.
  Property 'class' does not exist on type 'IntrinsicAttributes & HTMLAttributes<HTMLDivElement> & RefAttributes<HTMLDivElement>'. Did you mean 'className'?

[7m215[0m               <CardDescription class="text-sm leading-relaxed">
[7m   [0m [91m                               ~~~~~[0m
[96msrc/templates/ecommerce/pages/product/[id].astro[0m:[93m214[0m:[93m26[0m - [91merror[0m[90m ts(2322): [0mType '{ children: string; class: string; }' is not assignable to type 'IntrinsicAttributes & HTMLAttributes<HTMLDivElement> & RefAttributes<HTMLDivElement>'.
  Property 'class' does not exist on type 'IntrinsicAttributes & HTMLAttributes<HTMLDivElement> & RefAttributes<HTMLDivElement>'. Did you mean 'className'?

[7m214[0m               <CardTitle class="text-lg">Shipping & Returns</CardTitle>
[7m   [0m [91m                         ~~~~~[0m
[96msrc/templates/ecommerce/pages/product/[id].astro[0m:[93m212[0m:[93m17[0m - [91merror[0m[90m ts(2322): [0mType '{ children: any; class: string; }' is not assignable to type 'IntrinsicAttributes & HTMLAttributes<HTMLDivElement> & RefAttributes<HTMLDivElement>'.
  Property 'class' does not exist on type 'IntrinsicAttributes & HTMLAttributes<HTMLDivElement> & RefAttributes<HTMLDivElement>'. Did you mean 'className'?

[7m212[0m           <Card class="border-border/50 bg-card/50 backdrop-blur">
[7m   [0m [91m                ~~~~~[0m
[96msrc/templates/ecommerce/pages/product/[id].astro[0m:[93m200[0m:[93m32[0m - [91merror[0m[90m ts(2322): [0mType '{ children: any; class: string; }' is not assignable to type 'IntrinsicAttributes & HTMLAttributes<HTMLDivElement> & RefAttributes<HTMLDivElement>'.
  Property 'class' does not exist on type 'IntrinsicAttributes & HTMLAttributes<HTMLDivElement> & RefAttributes<HTMLDivElement>'. Did you mean 'className'?

[7m200[0m               <CardDescription class="text-sm leading-relaxed">
[7m   [0m [91m                               ~~~~~[0m
[96msrc/templates/ecommerce/pages/product/[id].astro[0m:[93m199[0m:[93m26[0m - [91merror[0m[90m ts(2322): [0mType '{ children: string; class: string; }' is not assignable to type 'IntrinsicAttributes & HTMLAttributes<HTMLDivElement> & RefAttributes<HTMLDivElement>'.
  Property 'class' does not exist on type 'IntrinsicAttributes & HTMLAttributes<HTMLDivElement> & RefAttributes<HTMLDivElement>'. Did you mean 'className'?

[7m199[0m               <CardTitle class="text-lg">Product Details</CardTitle>
[7m   [0m [91m                         ~~~~~[0m
[96msrc/templates/ecommerce/pages/product/[id].astro[0m:[93m197[0m:[93m17[0m - [91merror[0m[90m ts(2322): [0mType '{ children: any; class: string; }' is not assignable to type 'IntrinsicAttributes & HTMLAttributes<HTMLDivElement> & RefAttributes<HTMLDivElement>'.
  Property 'class' does not exist on type 'IntrinsicAttributes & HTMLAttributes<HTMLDivElement> & RefAttributes<HTMLDivElement>'. Did you mean 'className'?

[7m197[0m           <Card class="border-border/50 bg-card/50 backdrop-blur">
[7m   [0m [91m                ~~~~~[0m
[96msrc/templates/ecommerce/pages/product/[id].astro[0m:[93m187[0m:[93m21[0m - [91merror[0m[90m ts(2322): [0mType '{ class: string; }' is not assignable to type 'IntrinsicAttributes & Omit<LucideProps, "ref"> & RefAttributes<SVGSVGElement>'.
  Property 'class' does not exist on type 'IntrinsicAttributes & Omit<LucideProps, "ref"> & RefAttributes<SVGSVGElement>'. Did you mean 'className'?

[7m187[0m               <Star class="h-5 w-5 text-primary" />
[7m   [0m [91m                    ~~~~~[0m
[96msrc/templates/ecommerce/pages/product/[id].astro[0m:[93m183[0m:[93m27[0m - [91merror[0m[90m ts(2322): [0mType '{ class: string; }' is not assignable to type 'IntrinsicAttributes & Omit<LucideProps, "ref"> & RefAttributes<SVGSVGElement>'.
  Property 'class' does not exist on type 'IntrinsicAttributes & Omit<LucideProps, "ref"> & RefAttributes<SVGSVGElement>'. Did you mean 'className'?

[7m183[0m               <RefreshCcw class="h-5 w-5 text-primary" />
[7m   [0m [91m                          ~~~~~[0m
[96msrc/templates/ecommerce/pages/product/[id].astro[0m:[93m179[0m:[93m26[0m - [91merror[0m[90m ts(2322): [0mType '{ class: string; }' is not assignable to type 'IntrinsicAttributes & Omit<LucideProps, "ref"> & RefAttributes<SVGSVGElement>'.
  Property 'class' does not exist on type 'IntrinsicAttributes & Omit<LucideProps, "ref"> & RefAttributes<SVGSVGElement>'. Did you mean 'className'?

[7m179[0m               <TruckIcon class="h-5 w-5 text-primary" />
[7m   [0m [91m                         ~~~~~[0m
[96msrc/templates/ecommerce/pages/product/[id].astro[0m:[93m171[0m:[93m49[0m - [91merror[0m[90m ts(2322): [0mType '{ children: string; size: "lg"; variant: "outline"; class: string; }' is not assignable to type 'IntrinsicAttributes & ButtonProps & RefAttributes<HTMLButtonElement>'.
  Property 'class' does not exist on type 'IntrinsicAttributes & ButtonProps & RefAttributes<HTMLButtonElement>'. Did you mean 'className'?

[7m171[0m             <Button size="lg" variant="outline" class="w-full h-14 text-lg">
[7m   [0m [91m                                                ~~~~~[0m
[96msrc/templates/ecommerce/pages/product/[id].astro[0m:[93m168[0m:[93m29[0m - [91merror[0m[90m ts(2322): [0mType '{ class: string; }' is not assignable to type 'IntrinsicAttributes & Omit<LucideProps, "ref"> & RefAttributes<SVGSVGElement>'.
  Property 'class' does not exist on type 'IntrinsicAttributes & Omit<LucideProps, "ref"> & RefAttributes<SVGSVGElement>'. Did you mean 'className'?

[7m168[0m               <ShoppingCart class="mr-2 h-5 w-5" />
[7m   [0m [91m                            ~~~~~[0m
[96msrc/templates/ecommerce/pages/product/[id].astro[0m:[93m167[0m:[93m31[0m - [91merror[0m[90m ts(2322): [0mType '{ children: any[]; size: "lg"; class: string; }' is not assignable to type 'IntrinsicAttributes & ButtonProps & RefAttributes<HTMLButtonElement>'.
  Property 'class' does not exist on type 'IntrinsicAttributes & ButtonProps & RefAttributes<HTMLButtonElement>'. Did you mean 'className'?

[7m167[0m             <Button size="lg" class="w-full h-14 text-lg">
[7m   [0m [91m                              ~~~~~[0m
[96msrc/templates/ecommerce/pages/product/[id].astro[0m:[93m151[0m:[93m42[0m - [91merror[0m[90m ts(2322): [0mType '{ children: any; variant: "outline"; class: string; }' is not assignable to type 'IntrinsicAttributes & BadgeProps'.
  Property 'class' does not exist on type 'IntrinsicAttributes & BadgeProps'. Did you mean 'className'?

[7m151[0m                 <Badge variant="outline" class="cursor-pointer px-4 py-2 hover:bg-primary hover:text-primary-foreground transition-colors">
[7m   [0m [91m                                         ~~~~~[0m
[96msrc/templates/ecommerce/pages/product/[id].astro[0m:[93m150[0m:[93m36[0m - [91merror[0m[90m ts(7006): [0mParameter 'color' implicitly has an 'any' type.

[7m150[0m               {product.colors.map((color) => (
[7m   [0m [91m                                   ~~~~~[0m
[96msrc/templates/ecommerce/pages/product/[id].astro[0m:[93m137[0m:[93m43[0m - [91merror[0m[90m ts(2322): [0mType '{ children: any; variant: "outline"; class: string; }' is not assignable to type 'IntrinsicAttributes & ButtonProps & RefAttributes<HTMLButtonElement>'.
  Property 'class' does not exist on type 'IntrinsicAttributes & ButtonProps & RefAttributes<HTMLButtonElement>'. Did you mean 'className'?

[7m137[0m                 <Button variant="outline" class="min-w-[60px]">
[7m   [0m [91m                                          ~~~~~[0m
[96msrc/templates/ecommerce/pages/product/[id].astro[0m:[93m136[0m:[93m35[0m - [91merror[0m[90m ts(7006): [0mParameter 'size' implicitly has an 'any' type.

[7m136[0m               {product.sizes.map((size) => (
[7m   [0m [91m                                  ~~~~[0m
[96msrc/templates/ecommerce/pages/product/[id].astro[0m:[93m120[0m:[93m42[0m - [91merror[0m[90m ts(2322): [0mType '{ children: string; variant: "secondary"; class: string; }' is not assignable to type 'IntrinsicAttributes & BadgeProps'.
  Property 'class' does not exist on type 'IntrinsicAttributes & BadgeProps'. Did you mean 'className'?

[7m120[0m               <Badge variant="secondary" class="text-sm">
[7m   [0m [91m                                         ~~~~~[0m
[96msrc/templates/ecommerce/pages/product/[id].astro[0m:[93m115[0m:[93m44[0m - [91merror[0m[90m ts(2322): [0mType '{ children: string; variant: "destructive"; class: string; }' is not assignable to type 'IntrinsicAttributes & BadgeProps'.
  Property 'class' does not exist on type 'IntrinsicAttributes & BadgeProps'. Did you mean 'className'?

[7m115[0m               <Badge variant="destructive" class="text-sm">
[7m   [0m [91m                                           ~~~~~[0m
[96msrc/templates/ecommerce/pages/product/[id].astro[0m:[93m107[0m:[93m48[0m - [91merror[0m[90m ts(2322): [0mType '{ children: (string | number)[]; variant: "destructive"; class: string; }' is not assignable to type 'IntrinsicAttributes & BadgeProps'.
  Property 'class' does not exist on type 'IntrinsicAttributes & BadgeProps'. Did you mean 'className'?

[7m107[0m                   <Badge variant="destructive" class="text-sm">
[7m   [0m [91m                                               ~~~~~[0m
[96msrc/templates/ecommerce/pages/product/[id].astro[0m:[93m96[0m:[93m24[0m - [91merror[0m[90m ts(2322): [0mType '{ class: string; }' is not assignable to type 'IntrinsicAttributes & Omit<LucideProps, "ref"> & RefAttributes<SVGSVGElement>'.
  Property 'class' does not exist on type 'IntrinsicAttributes & Omit<LucideProps, "ref"> & RefAttributes<SVGSVGElement>'. Did you mean 'className'?

[7m96[0m                 <Heart class="h-5 w-5" />
[7m  [0m [91m                       ~~~~~[0m
[96msrc/templates/ecommerce/pages/product/[id].astro[0m:[93m89[0m:[93m29[0m - [91merror[0m[90m ts(2322): [0mType '{ class: string; }' is not assignable to type 'IntrinsicAttributes & Omit<LucideProps, "ref"> & RefAttributes<SVGSVGElement>'.
  Property 'class' does not exist on type 'IntrinsicAttributes & Omit<LucideProps, "ref"> & RefAttributes<SVGSVGElement>'. Did you mean 'className'?

[7m89[0m                       <Star class="h-4 w-4 fill-primary text-primary" />
[7m  [0m [91m                            ~~~~~[0m
[96msrc/templates/ecommerce/pages/product/[id].astro[0m:[93m66[0m:[93m45[0m - [91merror[0m[90m ts(7006): [0mParameter 'index' implicitly has an 'any' type.

[7m66[0m                 {product.images.map((image, index) => (
[7m  [0m [91m                                            ~~~~~[0m
[96msrc/templates/ecommerce/pages/product/[id].astro[0m:[93m66[0m:[93m38[0m - [91merror[0m[90m ts(7006): [0mParameter 'image' implicitly has an 'any' type.

[7m66[0m                 {product.images.map((image, index) => (
[7m  [0m [91m                                     ~~~~~[0m
[96msrc/templates/ecommerce/pages/product/[id].astro[0m:[93m23[0m:[93m12[0m - [91merror[0m[90m ts(7006): [0mParameter 'p' implicitly has an 'any' type.

[7m23[0m   .filter((p) => p.category === product.category && p.id !== product.id)
[7m  [0m [91m           ~[0m
[96msrc/templates/ecommerce/pages/product/[id].astro[0m:[93m15[0m:[93m32[0m - [91merror[0m[90m ts(7006): [0mParameter 'p' implicitly has an 'any' type.

[7m15[0m const product = products.find((p) => p.id === id);
[7m  [0m [91m                               ~[0m
[96msrc/templates/ecommerce/pages/product/[id].astro[0m:[93m11[0m:[93m26[0m - [91merror[0m[90m ts(2307): [0mCannot find module '@/lib/products' or its corresponding type declarations.

[7m11[0m import { products } from '@/lib/products';
[7m  [0m [91m                         ~~~~~~~~~~~~~~~~[0m
[96msrc/templates/ecommerce/pages/product/[id].astro[0m:[93m2[0m:[93m20[0m - [91merror[0m[90m ts(2307): [0mCannot find module '../../layouts/Layout.astro' or its corresponding type declarations.

[7m2[0m import Layout from '../../layouts/Layout.astro';
[7m [0m [91m                   ~~~~~~~~~~~~~~~~~~~~~~~~~~~~[0m
[96msrc/templates/ecommerce/pages/product/[id].astro[0m:[93m88[0m:[93m44[0m - [93mwarning[0m[90m ts(6133): [0m'i' is declared but its value is never read.

[7m88[0m                     {[...Array(5)].map((_, i) => (
[7m  [0m [93m                                           ~[0m

Result (262 files): 
- 231 errors
- 0 warnings
- 280 hints

